address_id,person_id
1,3672
2,291
3,502
4,767
5,513
6,3280
7,809
8,851
9,585
10,358
11,646
12,688
13,2360
14,462
15,602
16,647
17,946
18,967
19,1070
20,1652
21,1720
22,290
23,349
24,353
25,449
26,557
27,659
28,661
29,2190
30,2685
31,2762
32,541
33,696
34,714
35,2857
36,2948
37,2986
38,3000
39,3047
40,3
41,317
42,324
43,328
44,492
45,581
46,319
47,818
48,3479
49,848
50,14
51,4100
52,3852
53,408
54,727
55,34
56,1432
57,4028
58,4715
59,4717
60,4719
61,4721
62,4709
63,1749
64,1750
65,1753
66,1759
67,1785
68,1820
69,1882
70,44
71,1977
72,1979
73,1998
74,71
75,2016
76,2027
77,2049
78,2050
79,2056
80,2105
81,2127
82,3618
83,3794
84,1741
85,1763
86,1829
87,1855
88,1890
89,1900
90,1910
91,1918
92,1919
93,77
94,1946
95,1975
96,2051
97,2089
98,2102
99,4062
100,83
101,86
102,1896
103,1797
104,2498
105,3574
106,3595
107,3728
108,4665
109,108
110,4682
111,4683
112,4684
113,4694
114,4708
115,4107
116,2157
117,2231
118,2252
119,320
120,588
121,110
122,701
123,732
124,1087
125,2134
126,3603
127,4089
128,4150
129,4186
130,1734
131,1782
132,1800
133,1828
134,1832
135,1845
136,1856
137,118
138,1881
139,1886
140,1893
141,1944
142,1948
143,1956
144,1960
145,1971
146,1978
147,1994
148,2002
149,2063
150,3872
151,3876
152,3877
153,3926
154,3944
155,3958
156,3960
157,3821
158,3589
159,2496
160,2288
161,3912
162,120
163,4044
164,4046
165,706
166,724
167,3916
168,55
169,134
170,141
171,123
172,125
173,135
174,143
175,149
176,3580
177,3590
178,3594
179,3681
180,3696
181,3697
182,3719
183,3720
184,3732
185,3741
186,3742
187,3750
188,3751
189,152
190,3791
191,153
192,1817
193,1830
194,1973
195,160
196,1990
197,2040
198,2073
199,2111
200,2115
201,4633
202,475
203,476
204,741
205,3635
206,888
207,1170
208,1393
209,1709
210,4489
211,3480
212,3527
213,25
214,1722
215,3270
216,3379
217,126
218,237
219,162
220,365
221,168
222,499
223,511
224,515
225,550
226,607
227,616
228,618
229,728
230,847
231,975
232,1062
233,169
234,1462
235,4096
236,3654
237,3670
238,4388
239,3132
240,3153
241,3287
242,191
243,2269
244,194
245,377
246,484
247,600
248,196
249,2481
250,199
251,2587
252,2664
253,2670
254,2674
255,2744
256,2765
257,2781
258,2788
259,2696
260,2730
261,2737
262,2817
263,2833
264,200
265,2582
266,2707
267,2809
268,800
269,202
270,1096
271,1350
272,1535
273,1574
274,1618
275,925
276,204
277,1237
278,208
279,1497
280,56
281,3831
282,210
283,3981
284,4382
285,4385
286,4387
287,2453
288,214
289,1017
290,215
291,1129
292,227
293,1380
294,232
295,3873
296,3875
297,3983
298,3994
299,4021
300,3907
301,3982
302,238
303,1748
304,1852
305,1857
306,2103
307,405
308,241
309,639
310,671
311,311
312,837
313,245
314,944
315,248
316,2240
317,2242
318,250
319,252
320,3344
321,407
322,441
323,457
324,512
325,529
326,532
327,591
328,619
329,625
330,636
331,3822
332,301
333,347
334,459
335,485
336,486
337,490
338,514
339,521
340,578
341,605
342,623
343,676
344,711
345,759
346,762
347,323
348,3407
349,2892
350,3067
351,3117
352,3127
353,3158
354,3242
355,3263
356,253
357,3304
358,3325
359,3384
360,3421
361,3439
362,4030
363,260
364,270
365,1416
366,4268
367,4279
368,4288
369,4293
370,4265
371,1573
372,1712
373,2942
374,2964
375,3015
376,3040
377,3041
378,3076
379,4037
380,272
381,4043
382,4065
383,4078
384,281
385,282
386,4091
387,4136
388,292
389,4167
390,4168
391,299
392,2813
393,4378
394,286
395,305
396,312
397,467
398,472
399,617
400,730
401,745
402,351
403,3641
404,4064
405,306
406,308
407,314
408,3609
409,3694
410,315
411,3896
412,321
413,874
414,3599
415,3660
416,3803
417,3526
418,3535
419,3685
420,3768
421,3795
422,174
423,322
424,4115
425,2272
426,2285
427,2359
428,2401
429,2404
430,2437
431,2500
432,2257
433,2302
434,1213
435,1704
436,2278
437,2287
438,325
439,2310
440,2323
441,2328
442,2339
443,2382
444,2403
445,2417
446,2418
447,2430
448,332
449,2455
450,2459
451,2461
452,2479
453,3669
454,3678
455,338
456,3725
457,3769
458,2970
459,3027
460,3037
461,4400
462,4427
463,4428
464,339
465,4444
466,4457
467,4469
468,4482
469,3606
470,3626
471,3708
472,354
473,3778
474,359
475,422
476,603
477,622
478,746
479,383
480,413
481,418
482,442
483,464
484,633
485,649
486,396
487,402
488,454
489,471
490,496
491,539
492,554
493,403
494,587
495,425
496,692
497,707
498,428
499,756
500,2003
501,433
502,477
503,573
504,432
505,742
506,38
507,79
508,99
509,103
510,104
511,115
512,170
513,171
514,187
515,212
516,277
517,3085
518,3104
519,3167
520,3206
521,3266
522,3291
523,3327
524,3366
525,3376
526,3381
527,3413
528,3428
529,3452
530,448
531,3921
532,936
533,959
534,979
535,986
536,443
537,1327
538,1481
539,1504
540,1541
541,456
542,461
543,4307
544,4319
545,4322
546,4335
547,4340
548,468
549,4363
550,4368
551,4372
552,4373
553,4376
554,480
555,393
556,429
557,580
558,500
559,1366
560,1482
561,1662
562,1713
563,505
564,3245
565,357
566,421
567,595
568,2634
569,2668
570,2847
571,2431
572,509
573,3199
574,53
575,3864
576,3989
577,4004
578,1014
579,1158
580,1357
581,1551
582,1565
583,519
584,97
585,3557
586,3563
587,526
588,3566
589,3579
590,3600
591,527
592,528
593,3648
594,3657
595,3658
596,3659
597,3706
598,3717
599,3726
600,3749
601,3753
602,3755
603,3797
604,2139
605,2140
606,2146
607,2147
608,2156
609,2166
610,2175
611,2181
612,2198
613,533
614,2255
615,3930
616,3973
617,4008
618,3232
619,3434
620,1116
621,1693
622,2950
623,534
624,3493
625,3508
626,540
627,3850
628,3904
629,542
630,908
631,917
632,1507
633,544
634,1622
635,302
636,303
637,555
638,348
639,390
640,438
641,450
642,548
643,2343
644,2371
645,2408
646,2465
647,2466
648,3259
649,3409
650,940
651,1222
652,1230
653,1306
654,1590
655,768
656,3509
657,3540
658,3551
659,556
660,3567
661,3577
662,3598
663,3632
664,3663
665,3689
666,563
667,566
668,3735
669,3740
670,3776
671,3282
672,3359
673,401
674,4033
675,4135
676,4155
677,4172
678,4040
679,4041
680,808
681,999
682,572
683,1467
684,327
685,369
686,397
687,574
688,576
689,3441
690,2543
691,582
692,1285
693,865
694,1093
695,592
696,1110
697,1747
698,598
699,1952
700,606
701,2064
702,2106
703,2514
704,2549
705,2553
706,2577
707,2618
708,2706
709,2761
710,626
711,2807
712,2821
713,3082
714,3103
715,3118
716,627
717,3164
718,3306
719,3345
720,3370
721,3437
722,4024
723,284
724,722
725,630
726,522
727,537
728,594
729,614
730,631
731,546
732,561
733,715
734,488
735,613
736,663
737,651
738,4681
739,1609
740,1635
741,2128
742,3165
743,3183
744,3187
745,3213
746,3250
747,3256
748,3279
749,3363
750,3426
751,3433
752,3458
753,849
754,389
755,1758
756,1774
757,1826
758,1827
759,1880
760,1982
761,2022
762,875
763,1209
764,1468
765,3064
766,3065
767,3073
768,4296
769,4299
770,4304
771,4305
772,4324
773,4346
774,4358
775,655
776,366
777,296
778,307
779,343
780,419
781,474
782,621
783,656
784,4052
785,4484
786,4485
787,658
788,379
789,567
790,898
791,664
792,1544
793,669
794,1595
795,911
796,933
797,1058
798,673
799,687
800,1208
801,689
802,1450
803,1480
804,1536
805,1570
806,1571
807,690
808,1604
809,1642
810,1666
811,2515
812,2593
813,2615
814,2687
815,2804
816,3143
817,3162
818,782
819,784
820,844
821,691
822,913
823,947
824,960
825,985
826,992
827,1009
828,1046
829,699
830,1078
831,1080
832,705
833,708
834,1181
835,1193
836,1201
837,729
838,1238
839,1239
840,1251
841,1257
842,1260
843,731
844,1281
845,1290
846,1311
847,1324
848,1346
849,1369
850,1370
851,1376
852,1383
853,735
854,1428
855,1451
856,1453
857,1456
858,1464
859,1479
860,1491
861,1512
862,737
863,1522
864,1549
865,1556
866,743
867,1576
868,1593
869,1598
870,1633
871,1637
872,1661
873,1676
874,748
875,1695
876,1725
877,4761
878,753
879,754
880,4767
881,4768
882,4769
883,4770
884,1175
885,1216
886,1367
887,1395
888,1446
889,773
890,1582
891,1608
892,778
893,525
894,536
895,667
896,287
897,785
898,1844
899,786
900,790
901,1992
902,2101
903,4413
904,4460
905,4480
906,2233
907,3845
908,3937
909,3978
910,4637
911,791
912,792
913,793
914,799
915,4652
916,4653
917,4657
918,4663
919,4664
920,804
921,4671
922,4676
923,4693
924,811
925,812
926,4647
927,813
928,3631
929,3640
930,3645
931,3665
932,3693
933,830
934,3724
935,3759
936,3763
937,3790
938,3793
939,840
940,2373
941,841
942,388
943,568
944,845
945,700
946,739
947,4389
948,3251
949,3337
950,3882
951,4011
952,4022
953,2609
954,2686
955,2717
956,850
957,873
958,881
959,990
960,854
961,856
962,1589
963,4055
964,4117
965,1270
966,1300
967,1531
968,1059
969,1883
970,1766
971,2080
972,860
973,2205
974,2206
975,867
976,3758
977,4642
978,4662
979,4666
980,4678
981,4679
982,4686
983,4691
984,4696
985,870
986,4703
987,2504
988,1261
989,1267
990,1542
991,3584
992,880
993,2193
994,558
995,1351
996,2850
997,3343
998,3151
999,4026
1000,3620
1001,3804
1002,4160
1003,2903
1004,3021
1005,3025
1006,3058
1007,886
1008,2890
1009,2927
1010,2935
1011,3012
1012,3030
1013,3032
1014,3042
1015,4259
1016,887
1017,4261
1018,3212
1019,2154
1020,2162
1021,2171
1022,889
1023,3868
1024,3919
1025,3820
1026,4142
1027,4171
1028,1166
1029,1077
1030,3276
1031,2202
1032,2186
1033,2188
1034,2234
1035,2244
1036,3510
1037,2326
1038,2420
1039,2468
1040,899
1041,2854
1042,2939
1043,2944
1044,2991
1045,3046
1046,2541
1047,2545
1048,3180
1049,905
1050,910
1051,1099
1052,1246
1053,1319
1054,1442
1055,915
1056,1700
1057,2699
1058,1789
1059,1865
1060,1953
1061,2019
1062,2094
1063,1822
1064,4176
1065,4059
1066,280
1067,2151
1068,4483
1069,976
1070,3979
1071,2610
1072,2635
1073,2637
1074,2704
1075,2711
1076,2734
1077,2764
1078,2770
1079,2816
1080,923
1081,3995
1082,4003
1083,1783
1084,1791
1085,1803
1086,1804
1087,1859
1088,1860
1089,1870
1090,1878
1091,1888
1092,1903
1093,1904
1094,1917
1095,1928
1096,1970
1097,2009
1098,2037
1099,2045
1100,2059
1101,2067
1102,2100
1103,931
1104,2889
1105,2979
1106,3008
1107,3488
1108,2659
1109,2666
1110,2728
1111,4120
1112,934
1113,2265
1114,2355
1115,2415
1116,2485
1117,3583
1118,2263
1119,2267
1120,2385
1121,2399
1122,2438
1123,2482
1124,2483
1125,777
1126,802
1127,1045
1128,1177
1129,945
1130,956
1131,957
1132,1487
1133,1534
1134,1600
1135,1632
1136,853
1137,1679
1138,4726
1139,4728
1140,4712
1141,1619
1142,1801
1143,1802
1144,1824
1145,1863
1146,1906
1147,965
1148,1935
1149,1937
1150,1991
1151,978
1152,2038
1153,987
1154,991
1155,2086
1156,4297
1157,993
1158,4360
1159,4365
1160,4366
1161,1746
1162,995
1163,2235
1164,996
1165,2249
1166,1005
1167,2209
1168,2217
1169,2225
1170,2230
1171,702
1172,2946
1173,2998
1174,3010
1175,3889
1176,3901
1177,3964
1178,2395
1179,1011
1180,2923
1181,2924
1182,2961
1183,2967
1184,3024
1185,3069
1186,3562
1187,1013
1188,3684
1189,3688
1190,3710
1191,3721
1192,1016
1193,662
1194,3142
1195,3168
1196,3225
1197,3281
1198,3349
1199,3394
1200,2561
1201,2640
1202,2775
1203,1022
1204,205
1205,3201
1206,3289
1207,1024
1208,2213
1209,2867
1210,2868
1211,2945
1212,2958
1213,3018
1214,1767
1215,1039
1216,1981
1217,1043
1218,1993
1219,1044
1220,1048
1221,1050
1222,2113
1223,2116
1224,1732
1225,2335
1226,2367
1227,2370
1228,2439
1229,2463
1230,3399
1231,3249
1232,4391
1233,1061
1234,3556
1235,3571
1236,3581
1237,3604
1238,3642
1239,3667
1240,3671
1241,3673
1242,3674
1243,3722
1244,3730
1245,1063
1246,3734
1247,3743
1248,3757
1249,2149
1250,2160
1251,2178
1252,2187
1253,2195
1254,2199
1255,2226
1256,2655
1257,2522
1258,2527
1259,2528
1260,2572
1261,2644
1262,2654
1263,2660
1264,2703
1265,2725
1266,2740
1267,2747
1268,2790
1269,2815
1270,2828
1271,2832
1272,1067
1273,2264
1274,2298
1275,2299
1276,2304
1277,2375
1278,2451
1279,2462
1280,2492
1281,2493
1282,2334
1283,2338
1284,2405
1285,2268
1286,2317
1287,2378
1288,2968
1289,2980
1290,3004
1291,3023
1292,3026
1293,3045
1294,3080
1295,3573
1296,3736
1297,3739
1298,3771
1299,3805
1300,3832
1301,3842
1302,1091
1303,3911
1304,1105
1305,3933
1306,3998
1307,3638
1308,2185
1309,2236
1310,370
1311,721
1312,2314
1313,1109
1314,2366
1315,2407
1316,2893
1317,473
1318,489
1319,615
1320,675
1321,2973
1322,1760
1323,1111
1324,1112
1325,2163
1326,2891
1327,1115
1328,1968
1329,4379
1330,1137
1331,1010
1332,3607
1333,3628
1334,3636
1335,3702
1336,3703
1337,3208
1338,1885
1339,1120
1340,835
1341,1079
1342,1130
1343,1223
1344,1272
1345,1414
1346,1488
1347,1584
1348,1588
1349,1625
1350,1737
1351,1756
1352,1796
1353,1818
1354,1834
1355,1874
1356,1924
1357,1929
1358,1938
1359,1984
1360,2053
1361,1121
1362,2098
1363,2129
1364,4243
1365,4309
1366,3091
1367,3092
1368,3101
1369,3110
1370,3111
1371,3131
1372,3133
1373,3150
1374,3159
1375,3169
1376,3181
1377,3182
1378,3209
1379,3211
1380,3215
1381,3223
1382,3234
1383,3236
1384,3246
1385,1122
1386,3268
1387,3277
1388,3286
1389,3294
1390,3300
1391,3303
1392,3308
1393,3321
1394,3351
1395,3354
1396,3356
1397,3360
1398,3364
1399,3365
1400,3367
1401,3368
1402,3375
1403,3385
1404,3386
1405,3397
1406,3400
1407,3405
1408,3410
1409,3430
1410,3432
1411,3435
1412,3442
1413,3453
1414,3459
1415,3462
1416,3464
1417,3468
1418,3273
1419,3274
1420,3288
1421,4367
1422,2270
1423,2279
1424,2301
1425,2319
1426,1128
1427,2414
1428,2436
1429,2619
1430,2733
1431,2766
1432,2837
1433,814
1434,829
1435,895
1436,935
1437,1084
1438,1143
1439,1283
1440,1384
1441,1434
1442,1452
1443,1523
1444,1547
1445,1131
1446,1685
1447,1773
1448,1132
1449,1744
1450,1792
1451,1793
1452,1805
1453,1134
1454,1861
1455,1891
1456,1892
1457,1914
1458,1932
1459,2048
1460,2081
1461,2124
1462,2258
1463,2261
1464,2286
1465,2307
1466,2347
1467,2351
1468,2353
1469,2361
1470,2363
1471,2374
1472,2388
1473,2393
1474,2424
1475,2432
1476,2444
1477,2447
1478,2454
1479,2494
1480,4349
1481,295
1482,1139
1483,341
1484,376
1485,394
1486,1153
1487,431
1488,453
1489,465
1490,469
1491,482
1492,497
1493,516
1494,520
1495,562
1496,589
1497,620
1498,637
1499,645
1500,674
1501,1167
1502,772
1503,481
1504,2259
1505,2273
1506,2283
1507,2291
1508,2293
1509,2294
1510,2296
1511,2303
1512,1190
1513,2306
1514,2308
1515,2309
1516,2311
1517,2329
1518,2330
1519,2332
1520,2333
1521,2342
1522,2356
1523,2365
1524,2368
1525,1192
1526,2383
1527,1202
1528,1203
1529,2421
1530,2428
1531,2441
1532,2450
1533,2471
1534,1215
1535,1217
1536,1220
1537,4111
1538,3414
1539,3445
1540,4669
1541,4680
1542,4690
1543,4695
1544,4697
1545,2852
1546,2899
1547,2936
1548,2974
1549,2849
1550,2586
1551,2511
1552,2550
1553,2911
1554,2912
1555,2915
1556,2947
1557,3036
1558,3038
1559,3062
1560,836
1561,3401
1562,3408
1563,3423
1564,3425
1565,1182
1566,1250
1567,1221
1568,1227
1569,285
1570,1228
1571,1027
1572,1029
1573,1073
1574,1236
1575,1211
1576,1352
1577,2075
1578,1248
1579,1264
1580,1808
1581,1813
1582,1835
1583,1983
1584,2012
1585,2052
1586,2061
1587,2083
1588,2108
1589,2130
1590,368
1591,771
1592,2015
1593,3525
1594,3543
1595,1015
1596,1437
1597,1447
1598,1684
1599,498
1600,501
1601,503
1602,1266
1603,3377
1604,1268
1605,3145
1606,2726
1607,2752
1608,1273
1609,1913
1610,1964
1611,4711
1612,4724
1613,1278
1614,2547
1615,2585
1616,2639
1617,2697
1618,2753
1619,4649
1620,1295
1621,2327
1622,1302
1623,2443
1624,559
1625,723
1626,3059
1627,2168
1628,2177
1629,1303
1630,1307
1631,2237
1632,1762
1633,1776
1634,1787
1635,1788
1636,1798
1637,1838
1638,1848
1639,1895
1640,1902
1641,1930
1642,1943
1643,1987
1644,2000
1645,2001
1646,2010
1647,2039
1648,2054
1649,2055
1650,2097
1651,2107
1652,2110
1653,1308
1654,4390
1655,4395
1656,4396
1657,4399
1658,4401
1659,4403
1660,4404
1661,4405
1662,4406
1663,4408
1664,4410
1665,4411
1666,4412
1667,4415
1668,4416
1669,1316
1670,4418
1671,4419
1672,4423
1673,4424
1674,4429
1675,4430
1676,1320
1677,4437
1678,4441
1679,4443
1680,4445
1681,4481
1682,4436
1683,4438
1684,4439
1685,4442
1686,4446
1687,4447
1688,4451
1689,4454
1690,4458
1691,4459
1692,4461
1693,4462
1694,4465
1695,4467
1696,4473
1697,4474
1698,4478
1699,1321
1700,3084
1701,1323
1702,2757
1703,2803
1704,2542
1705,1329
1706,3853
1707,3854
1708,3913
1709,2566
1710,288
1711,382
1712,406
1713,444
1714,4273
1715,2191
1716,374
1717,3675
1718,2823
1719,4284
1720,1033
1721,1036
1722,1162
1723,1499
1724,1718
1725,2591
1726,2796
1727,3988
1728,1336
1729,3171
1730,2525
1731,2589
1732,2643
1733,2691
1734,2759
1735,2782
1736,2538
1737,2169
1738,2506
1739,2623
1740,2694
1741,2750
1742,2783
1743,2843
1744,1337
1745,2167
1746,2578
1747,3729
1748,3391
1749,3481
1750,3243
1751,3264
1752,3404
1753,3416
1754,3093
1755,3097
1756,3547
1757,4031
1758,4057
1759,4060
1760,4081
1761,4106
1762,4108
1763,4110
1764,4140
1765,4161
1766,4163
1767,4170
1768,4029
1769,452
1770,1341
1771,2908
1772,2913
1773,2957
1774,2994
1775,3002
1776,1347
1777,331
1778,2386
1779,2409
1780,2457
1781,2320
1782,2379
1783,2472
1784,2491
1785,1354
1786,909
1787,938
1788,1159
1789,1489
1790,1555
1791,1372
1792,1640
1793,1696
1794,2229
1795,2337
1796,2400
1797,1089
1798,1156
1799,1378
1800,954
1801,1008
1802,1205
1803,1247
1804,1379
1805,1392
1806,832
1807,972
1808,1117
1809,1314
1810,1606
1811,1623
1812,4634
1813,4639
1814,4641
1815,4655
1816,4658
1817,1402
1818,1404
1819,4670
1820,4672
1821,4675
1822,4687
1823,4692
1824,4698
1825,2245
1826,783
1827,1407
1828,780
1829,1408
1830,984
1831,1172
1832,1180
1833,1214
1834,1394
1835,1508
1836,1509
1837,1028
1838,1244
1839,1271
1840,1312
1841,1356
1842,1493
1843,2606
1844,3848
1845,3823
1846,1411
1847,3858
1848,3936
1849,3947
1850,1412
1851,4015
1852,3514
1853,4063
1854,4092
1855,1409
1856,879
1857,3478
1858,3516
1859,4398
1860,4402
1861,4407
1862,4422
1863,4426
1864,4433
1865,4440
1866,4450
1867,4455
1868,4464
1869,4466
1870,4468
1871,4470
1872,4475
1873,4477
1874,1529
1875,2877
1876,2940
1877,1418
1878,2975
1879,2993
1880,2999
1881,3066
1882,3081
1883,2282
1884,807
1885,1419
1886,1426
1887,3984
1888,3992
1889,4503
1890,928
1891,1427
1892,4102
1893,4154
1894,4264
1895,4269
1896,1431
1897,4275
1898,4276
1899,4278
1900,4281
1901,4289
1902,4295
1903,2318
1904,2352
1905,2448
1906,3934
1907,1950
1908,1969
1909,1435
1910,2018
1911,1441
1912,2152
1913,2176
1914,2254
1915,4099
1916,4126
1917,4137
1918,1449
1919,4183
1920,3553
1921,3615
1922,3676
1923,1457
1924,3906
1925,3932
1926,3935
1927,3970
1928,3398
1929,3829
1930,412
1931,4409
1932,3862
1933,1466
1934,495
1935,937
1936,1470
1937,1472
1938,4019
1939,2682
1940,2776
1941,2778
1942,293
1943,1474
1944,1476
1945,685
1946,1495
1947,1503
1948,1518
1949,3925
1950,3102
1951,3163
1952,974
1953,1136
1954,1188
1955,1586
1956,3878
1957,861
1958,932
1959,1034
1960,1176
1961,1233
1962,1252
1963,1519
1964,1335
1965,1689
1966,1698
1967,1728
1968,2271
1969,2284
1970,949
1971,988
1972,1000
1973,1525
1974,1232
1975,1305
1976,1527
1977,1575
1978,3956
1979,2856
1980,2866
1981,3013
1982,3541
1983,3544
1984,2963
1985,3471
1986,819
1987,1533
1988,4097
1989,4121
1990,335
1991,344
1992,361
1993,378
1994,391
1995,507
1996,535
1997,642
1998,510
1999,466
2000,3692
2001,2571
2002,2581
2003,2794
2004,2827
2005,1118
2006,1328
2007,1415
2008,3610
2009,3705
2010,3816
2011,2729
2012,2814
2013,3824
2014,3833
2015,1559
2016,3866
2017,3908
2018,3945
2019,3977
2020,2
2021,3572
2022,3682
2023,3761
2024,3784
2025,3796
2026,4
2027,1564
2028,4263
2029,4266
2030,4271
2031,4285
2032,1770
2033,1778
2034,1846
2035,2014
2036,2044
2037,2091
2038,2126
2039,1768
2040,1769
2041,524
2042,538
2043,4316
2044,4337
2045,4338
2046,1568
2047,1095
2048,1207
2049,1313
2050,1528
2051,1631
2052,810
2053,842
2054,1572
2055,1577
2056,971
2057,1579
2058,1030
2059,1040
2060,1594
2061,1069
2062,1168
2063,1184
2064,1185
2065,1241
2066,1330
2067,1387
2068,1406
2069,1601
2070,1610
2071,1626
2072,1611
2073,1655
2074,1716
2075,930
2076,1615
2077,1616
2078,1620
2079,1265
2080,1554
2081,1562
2082,1703
2083,3585
2084,3765
2085,3770
2086,3819
2087,283
2088,395
2089,549
2090,634
2091,653
2092,665
2093,693
2094,3136
2095,3166
2096,919
2097,921
2098,939
2099,943
2100,1064
2101,1065
2102,1410
2103,787
2104,834
2105,410
2106,717
2107,760
2108,906
2109,1377
2110,1683
2111,1701
2112,1624
2113,3905
2114,3928
2115,1639
2116,3680
2117,1736
2118,1823
2119,1916
2120,1925
2121,1945
2122,1988
2123,2372
2124,2384
2125,2402
2126,2499
2127,1754
2128,2260
2129,2357
2130,2410
2131,2416
2132,2442
2133,2476
2134,1644
2135,3601
2136,3608
2137,3616
2138,3687
2139,3698
2140,3715
2141,3762
2142,3766
2143,1646
2144,3798
2145,1612
2146,1657
2147,1463
2148,2155
2149,1665
2150,2540
2151,2544
2152,2569
2153,2570
2154,2573
2155,2583
2156,2597
2157,2599
2158,1669
2159,2621
2160,2652
2161,2675
2162,2739
2163,2763
2164,2771
2165,2793
2166,2829
2167,2842
2168,2869
2169,2883
2170,2885
2171,2909
2172,2914
2173,2925
2174,2959
2175,3028
2176,3033
2177,3053
2178,3055
2179,3072
2180,3074
2181,3991
2182,2358
2183,3863
2184,1670
2185,1677
2186,3871
2187,3957
2188,3965
2189,4018
2190,2602
2191,885
2192,1234
2193,1322
2194,1546
2195,1654
2196,1708
2197,1738
2198,1757
2199,1786
2200,1807
2201,1811
2202,1836
2203,1837
2204,1839
2205,1842
2206,1678
2207,1858
2208,1862
2209,1868
2210,1869
2211,1871
2212,1690
2213,1691
2214,1894
2215,1699
2216,1933
2217,1947
2218,1949
2219,1959
2220,1974
2221,1706
2222,1719
2223,2005
2224,2011
2225,2030
2226,2031
2227,2034
2228,2057
2229,2070
2230,2072
2231,2078
2232,2090
2233,2104
2234,2120
2235,2122
2236,1764
2237,4331
2238,4333
2239,4352
2240,4356
2241,4364
2242,4370
2243,3179
2244,3238
2245,3262
2246,3317
2247,3323
2248,3406
2249,3455
2250,4038
2251,1723
2252,4049
2253,4113
2254,4119
2255,4134
2256,4146
2257,4159
2258,4177
2259,4179
2260,1396
2261,1578
2262,1315
2263,1641
2264,1705
2265,1276
2266,571
2267,726
2268,3656
2269,2411
2270,2427
2271,2449
2272,2473
2273,3119
2274,3357
2275,3393
2276,3417
2277,1730
2278,2197
2279,2239
2280,398
2281,504
2282,1731
2283,644
2284,657
2285,660
2286,329
2287,1733
2288,381
2289,385
2290,435
2291,447
2292,455
2293,635
2294,1740
2295,678
2296,1779
2297,1309
2298,846
2299,866
2300,871
2301,918
2302,1780
2303,1106
2304,1198
2305,1200
2306,1226
2307,1355
2308,1371
2309,1373
2310,1424
2311,1429
2312,1444
2313,1651
2314,776
2315,877
2316,1021
2317,2613
2318,2689
2319,2751
2320,2622
2321,2810
2322,3939
2323,1794
2324,4036
2325,4061
2326,4068
2327,4095
2328,1799
2329,4109
2330,4118
2331,1806
2332,4143
2333,4164
2334,4180
2335,2362
2336,2488
2337,2295
2338,4178
2339,4127
2340,4190
2341,1771
2342,1884
2343,1941
2344,1942
2345,2021
2346,2023
2347,2028
2348,2047
2349,3216
2350,2888
2351,2933
2352,2956
2353,2981
2354,2983
2355,2984
2356,2990
2357,3017
2358,3031
2359,3052
2360,2325
2361,2836
2362,360
2363,564
2364,1083
2365,1254
2366,1362
2367,1475
2368,1714
2369,2505
2370,2548
2371,2554
2372,1814
2373,2563
2374,2616
2375,2626
2376,2631
2377,2662
2378,2663
2379,2679
2380,2745
2381,2754
2382,2755
2383,2806
2384,1843
2385,3892
2386,3915
2387,3918
2388,4013
2389,1026
2390,1850
2391,1854
2392,1866
2393,2029
2394,2058
2395,1867
2396,1235
2397,1596
2398,3576
2399,3597
2400,3643
2401,3666
2402,2026
2403,1840
2404,1847
2405,1047
2406,1872
2407,4125
2408,2918
2409,3011
2410,3022
2411,3043
2412,2938
2413,3039
2414,3883
2415,47
2416,4005
2417,1605
2418,2557
2419,2588
2420,2680
2421,2812
2422,2546
2423,2724
2424,2777
2425,3128
2426,3267
2427,4772
2428,929
2429,955
2430,1873
2431,1114
2432,876
2433,4298
2434,4303
2435,4306
2436,4327
2437,4330
2438,4308
2439,3094
2440,3146
2441,3170
2442,3176
2443,3248
2444,3261
2445,3324
2446,3440
2447,3255
2448,1876
2449,3007
2450,3068
2451,3894
2452,3843
2453,2875
2454,2575
2455,2600
2456,2624
2457,2625
2458,2746
2459,2758
2460,3924
2461,4729
2462,4730
2463,4732
2464,4733
2465,4734
2466,4735
2467,4736
2468,4737
2469,4740
2470,4742
2471,4743
2472,4745
2473,4748
2474,4750
2475,4751
2476,4753
2477,4754
2478,4755
2479,4756
2480,4757
2481,4758
2482,4759
2483,4760
2484,4731
2485,1325
2486,1422
2487,1643
2488,2535
2489,2552
2490,2673
2491,2693
2492,2735
2493,2738
2494,2962
2495,794
2496,833
2497,941
2498,1042
2499,1049
2500,1055
2501,1056
2502,1068
2503,1103
2504,1363
2505,1364
2506,1365
2507,1381
2508,1386
2509,1483
2510,1647
2511,1671
2512,373
2513,547
2514,801
2515,1877
2516,1280
2517,1477
2518,1645
2519,3718
2520,356
2521,719
2522,1897
2523,4710
2524,4713
2525,770
2526,3828
2527,3844
2528,3857
2529,3955
2530,4009
2531,3328
2532,4488
2533,1905
2534,4491
2535,4492
2536,4493
2537,4494
2538,4495
2539,4496
2540,4497
2541,4499
2542,4501
2543,4502
2544,4505
2545,3662
2546,3679
2547,3588
2548,3686
2549,3396
2550,1909
2551,4550
2552,4551
2553,4552
2554,4554
2555,4555
2556,4557
2557,4558
2558,4559
2559,4560
2560,4561
2561,4562
2562,4563
2563,4565
2564,4568
2565,4569
2566,4570
2567,4572
2568,4573
2569,4574
2570,4575
2571,4576
2572,4577
2573,4578
2574,4579
2575,4582
2576,4583
2577,4584
2578,4585
2579,4586
2580,4587
2581,4588
2582,4591
2583,4592
2584,4594
2585,4595
2586,4596
2587,4597
2588,4598
2589,4600
2590,4601
2591,4602
2592,4604
2593,4553
2594,3549
2595,3552
2596,1915
2597,3647
2598,3786
2599,3800
2600,3561
2601,3591
2602,3623
2603,3624
2604,3712
2605,3754
2606,66
2607,1784
2608,1920
2609,1911
2610,2025
2611,2043
2612,2071
2613,2085
2614,2096
2615,367
2616,1922
2617,577
2618,670
2619,680
2620,916
2621,963
2622,964
2623,1927
2624,1157
2625,1263
2626,1931
2627,1514
2628,1934
2629,1660
2630,1686
2631,2159
2632,2153
2633,2192
2634,3436
2635,3144
2636,3189
2637,3596
2638,3651
2639,1940
2640,1954
2641,3779
2642,1955
2643,4148
2644,4053
2645,1957
2646,4193
2647,4194
2648,4196
2649,4197
2650,4198
2651,4199
2652,4200
2653,4201
2654,4202
2655,1961
2656,4204
2657,4205
2658,1962
2659,4207
2660,4211
2661,4212
2662,4213
2663,1980
2664,4215
2665,4216
2666,4217
2667,4218
2668,4219
2669,1985
2670,4222
2671,1986
2672,4224
2673,4226
2674,4227
2675,4228
2676,1995
2677,4230
2678,4232
2679,4233
2680,4234
2681,4235
2682,4237
2683,4238
2684,4239
2685,4240
2686,4241
2687,4507
2688,1996
2689,4513
2690,4514
2691,1999
2692,4518
2693,4520
2694,4521
2695,4522
2696,4523
2697,4524
2698,4525
2699,4526
2700,4528
2701,2008
2702,4530
2703,4531
2704,2013
2705,4533
2706,2017
2707,4535
2708,2032
2709,2042
2710,4541
2711,4542
2712,4543
2713,4544
2714,4545
2715,4546
2716,4547
2717,4548
2718,4549
2719,2046
2720,2076
2721,4025
2722,4039
2723,4070
2724,4072
2725,4083
2726,4103
2727,4124
2728,4133
2729,4149
2730,4157
2731,4182
2732,4716
2733,4722
2734,2077
2735,445
2736,641
2737,4079
2738,4185
2739,1743
2740,4074
2741,342
2742,352
2743,400
2744,404
2745,427
2746,478
2747,493
2748,2088
2749,2114
2750,2118
2751,586
2752,2121
2753,2132
2754,2135
2755,632
2756,2148
2757,703
2758,2158
2759,750
2760,757
2761,758
2762,116
2763,3139
2764,3202
2765,3203
2766,2161
2767,3226
2768,3239
2769,2200
2770,3352
2771,3371
2772,3420
2773,3505
2774,3522
2775,219
2776,907
2777,912
2778,2201
2779,1018
2780,1146
2781,1161
2782,1164
2783,1171
2784,1287
2785,1520
2786,1553
2787,1687
2788,1721
2789,2507
2790,2508
2791,2516
2792,2517
2793,2521
2794,2524
2795,2537
2796,2567
2797,2568
2798,2574
2799,2612
2800,2628
2801,2630
2802,2636
2803,2645
2804,2651
2805,2653
2806,2658
2807,2667
2808,2677
2809,2688
2810,2695
2811,2701
2812,2702
2813,2705
2814,2719
2815,2203
2816,2723
2817,2756
2818,2760
2819,2772
2820,2779
2821,2791
2822,2801
2823,2811
2824,2204
2825,2822
2826,2830
2827,2844
2828,2858
2829,2859
2830,2864
2831,2865
2832,2873
2833,2881
2834,2882
2835,2902
2836,2910
2837,2916
2838,2917
2839,2926
2840,2930
2841,2934
2842,2941
2843,2949
2844,2208
2845,2987
2846,2988
2847,2992
2848,3035
2849,2562
2850,2860
2851,3190
2852,51
2853,3186
2854,3188
2855,3217
2856,3222
2857,3269
2858,3290
2859,3298
2860,2211
2861,3369
2862,3373
2863,3380
2864,3390
2865,3429
2866,3461
2867,3558
2868,29
2869,132
2870,146
2871,148
2872,195
2873,206
2874,233
2875,235
2876,264
2877,13
2878,2219
2879,298
2880,85
2881,3497
2882,3511
2883,3520
2884,3529
2885,2221
2886,2224
2887,1735
2888,3115
2889,3198
2890,3293
2891,3446
2892,828
2893,839
2894,1007
2895,2228
2896,1072
2897,2246
2898,1510
2899,1664
2900,3125
2901,3331
2902,1739
2903,1819
2904,1898
2905,1912
2906,1921
2907,2004
2908,2035
2909,2036
2910,2082
2911,2084
2912,3089
2913,3140
2914,3172
2915,2250
2916,3891
2917,3931
2918,4000
2919,2251
2920,2256
2921,2290
2922,4139
2923,4158
2924,4165
2925,4166
2926,4173
2927,896
2928,951
2929,994
2930,998
2931,1108
2932,1141
2933,1142
2934,1204
2935,2297
2936,1282
2937,1291
2938,2305
2939,2346
2940,2350
2941,1368
2942,1445
2943,1473
2944,1485
2945,1517
2946,2503
2947,2555
2948,2556
2949,2595
2950,2648
2951,2650
2952,2780
2953,2795
2954,2799
2955,2896
2956,2954
2957,2982
2958,2996
2959,3050
2960,3063
2961,2773
2962,3644
2963,3773
2964,2369
2965,2736
2966,2530
2967,3849
2968,3865
2969,3881
2970,3884
2971,2376
2972,3893
2973,3938
2974,2377
2975,2381
2976,4002
2977,2863
2978,4720
2979,2387
2980,3856
2981,3949
2982,2394
2983,1144
2984,1155
2985,1189
2986,1292
2987,1331
2988,1332
2989,1349
2990,2412
2991,1358
2992,1530
2993,1532
2994,1538
2995,2422
2996,1587
2997,1147
2998,4318
2999,2425
3000,4345
3001,4300
3002,4312
3003,4325
3004,2215
3005,3494
3006,345
3007,570
3008,2429
3009,147
3010,240
3011,274
3012,4141
3013,364
3014,409
3015,411
3016,415
3017,553
3018,590
3019,599
3020,2433
3021,716
3022,508
3023,3713
3024,3738
3025,2698
3026,3962
3027,4010
3028,2518
3029,2532
3030,2708
3031,2748
3032,2797
3033,2845
3034,1816
3035,4611
3036,4612
3037,4613
3038,4615
3039,4616
3040,4618
3041,4622
3042,4623
3043,4624
3044,4626
3045,2445
3046,4628
3047,4629
3048,4630
3049,4631
3050,1178
3051,803
3052,883
3053,914
3054,973
3055,981
3056,1004
3057,1006
3058,2446
3059,1023
3060,1085
3061,1101
3062,1102
3063,1119
3064,1125
3065,1135
3066,1240
3067,2452
3068,1296
3069,1345
3070,1388
3071,1454
3072,1458
3073,1465
3074,2456
3075,1634
3076,1682
3077,2520
3078,2467
3079,2601
3080,2692
3081,2826
3082,2831
3083,3885
3084,3846
3085,3993
3086,583
3087,95
3088,58
3089,18
3090,278
3091,22
3092,2477
3093,375
3094,87
3095,2480
3096,4162
3097,2484
3098,2489
3099,211
3100,494
3101,506
3102,624
3103,2490
3104,629
3105,697
3106,738
3107,2501
3108,155
3109,190
3110,294
3111,309
3112,310
3113,420
3114,446
3115,530
3116,2531
3117,609
3118,744
3119,751
3120,2539
3121,725
3122,652
3123,608
3124,313
3125,380
3126,3252
3127,2478
3128,355
3129,4648
3130,3100
3131,3152
3132,3200
3133,3227
3134,3228
3135,3237
3136,3241
3137,2551
3138,3285
3139,2559
3140,3341
3141,3355
3142,3387
3143,3447
3144,3448
3145,3155
3146,2560
3147,2576
3148,4311
3149,4314
3150,4320
3151,4323
3152,4342
3153,4343
3154,4344
3155,4353
3156,4354
3157,4357
3158,4377
3159,4313
3160,2584
3161,2611
3162,3523
3163,40
3164,2620
3165,2629
3166,2656
3167,2661
3168,2669
3169,439
3170,2672
3171,470
3172,491
3173,579
3174,74
3175,531
3176,638
3177,2710
3178,3123
3179,2721
3180,434
3181,458
3182,517
3183,518
3184,543
3185,2767
3186,628
3187,3083
3188,3340
3189,3799
3190,2768
3191,2786
3192,922
3193,1206
3194,1218
3195,1301
3196,1343
3197,1502
3198,1506
3199,1557
3200,1597
3201,1092
3202,1197
3203,2800
3204,2818
3205,4635
3206,4651
3207,4654
3208,2819
3209,2509
3210,2596
3211,2603
3212,2604
3213,2607
3214,2608
3215,2834
3216,2647
3217,2835
3218,2684
3219,2709
3220,2715
3221,2731
3222,2741
3223,2839
3224,2805
3225,2841
3226,969
3227,2855
3228,2861
3229,1098
3230,1183
3231,1353
3232,1498
3233,2862
3234,1012
3235,2870
3236,958
3237,1191
3238,1219
3239,1256
3240,1259
3241,2878
3242,1374
3243,2880
3244,1656
3245,1694
3246,1710
3247,831
3248,172
3249,201
3250,2884
3251,72
3252,251
3253,2838
3254,4380
3255,4384
3256,2906
3257,4381
3258,2349
3259,2929
3260,2398
3261,2955
3262,2558
3263,2594
3264,2646
3265,2649
3266,2676
3267,2749
3268,2774
3269,2784
3270,2971
3271,2972
3272,3006
3273,257
3274,1
3275,94
3276,884
3277,894
3278,3029
3279,1088
3280,1127
3281,1552
3282,3048
3283,140
3284,3056
3285,1174
3286,1262
3287,1526
3288,1054
3289,1243
3290,2300
3291,2354
3292,239
3293,2792
3294,2802
3295,3096
3296,3141
3297,3326
3298,2210
3299,3060
3300,2238
3301,28
3302,54
3303,63
3304,3078
3305,93
3306,113
3307,203
3308,3661
3309,157
3310,2798
3311,3284
3312,3079
3313,12
3314,33
3315,805
3316,1809
3317,3086
3318,2099
3319,330
3320,3106
3321,666
3322,1440
3323,815
3324,1035
3325,1038
3326,1255
3327,1630
3328,258
3329,3161
3330,3207
3331,163
3332,230
3333,117
3334,139
3335,222
3336,223
3337,3475
3338,3476
3339,1648
3340,75
3341,346
3342,2336
3343,1899
3344,3121
3345,2069
3346,2123
3347,3350
3348,59
3349,3985
3350,3138
3351,3173
3352,39
3353,130
3354,3275
3355,460
3356,64
3357,3149
3358,3175
3359,892
3360,950
3361,952
3362,1060
3363,1066
3364,1086
3365,1113
3366,3194
3367,1297
3368,1382
3369,3219
3370,3244
3371,183
3372,2523
3373,2638
3374,2678
3375,2276
3376,2277
3377,2312
3378,2321
3379,2341
3380,2495
3381,186
3382,774
3383,1196
3384,3260
3385,1361
3386,1461
3387,1724
3388,1729
3389,1976
3390,781
3391,2627
3392,2824
3393,3278
3394,3817
3395,3555
3396,2280
3397,2348
3398,1051
3399,1225
3400,1490
3401,1031
3402,362
3403,2580
3404,2315
3405,2700
3406,2846
3407,2718
3408,3781
3409,150
3410,698
3411,924
3412,3301
3413,1438
3414,1443
3415,1500
3416,1688
3417,3305
3418,1815
3419,1989
3420,821
3421,2720
3422,2313
3423,2322
3424,2423
3425,3314
3426,35
3427,2345
3428,2426
3429,2665
3430,1752
3431,2041
3432,3329
3433,1742
3434,1772
3435,3411
3436,1057
3437,1540
3438,1585
3439,2633
3440,2886
3441,3449
3442,2976
3443,2874
3444,3450
3445,67
3446,1289
3447,3454
3448,1697
3449,114
3450,158
3451,180
3452,193
3453,89
3454,127
3455,1173
3456,1413
3457,2165
3458,165
3459,3332
3460,3465
3461,3570
3462,3191
3463,3334
3464,3160
3465,3087
3466,3258
3467,3457
3468,3415
3469,2565
3470,182
3471,4034
3472,3841
3473,3879
3474,3900
3475,3473
3476,2220
3477,3466
3478,2243
3479,3470
3480,3482
3481,3483
3482,4248
3483,4249
3484,4250
3485,3498
3486,4253
3487,4254
3488,4255
3489,463
3490,3504
3491,601
3492,1459
3493,4156
3494,4262
3495,4272
3496,4274
3497,4280
3498,4287
3499,3506
3500,3124
3501,3177
3502,3515
3503,2136
3504,2138
3505,2253
3506,3538
3507,3521
3508,144
3509,4174
3510,3122
3511,3210
3512,3265
3513,3272
3514,3310
3515,3336
3516,3554
3517,3532
3518,2137
3519,2536
3520,3830
3521,3867
3522,3909
3523,4114
3524,336
3525,337
3526,350
3527,414
3528,681
3529,682
3530,1375
3531,1511
3532,1680
3533,3533
3534,261
3535,4506
3536,3568
3537,3569
3538,3815
3539,4605
3540,3492
3541,3474
3542,3495
3543,4184
3544,3621
3545,3704
3546,3788
3547,3814
3548,3634
3549,3545
3550,17
3551,4607
3552,4608
3553,4609
3554,3548
3555,3895
3556,3950
3557,3550
3558,3490
3559,3528
3560,2141
3561,3559
3562,2170
3563,2212
3564,2248
3565,3108
3566,3120
3567,3254
3568,3338
3569,4090
3570,4606
3571,4610
3572,3859
3573,3888
3574,3560
3575,3951
3576,4014
3577,3564
3578,3565
3579,3727
3580,3801
3581,3491
3582,3503
3583,2876
3584,3578
3585,3586
3586,3954
3587,3961
3588,3999
3589,3582
3590,3664
3591,3709
3592,3772
3593,3777
3594,3782
3595,271
3596,3587
3597,2109
3598,2232
3599,3602
3600,1958
3601,2112
3602,236
3603,142
3604,2529
3605,3611
3606,3839
3607,340
3608,797
3609,1781
3610,27
3611,45
3612,48
3613,49
3614,3126
3615,920
3616,4321
3617,2150
3618,52
3619,3484
3620,872
3621,3835
3622,901
3623,3135
3624,334
3625,297
3626,3612
3627,3613
3628,882
3629,891
3630,962
3631,869
3632,983
3633,927
3634,4640
3635,2898
3636,2274
3637,4048
3638,863
3639,864
3640,3309
3641,3312
3642,3419
3643,3422
3644,3427
3645,3431
3646,2671
3647,3617
3648,3622
3649,2144
3650,2164
3651,3109
3652,3630
3653,3098
3654,4080
3655,4086
3656,4138
3657,4175
3658,2965
3659,2380
3660,822
3661,989
3662,1145
3663,1152
3664,1344
3665,1561
3666,798
3667,1339
3668,4056
3669,3637
3670,3652
3671,926
3672,1082
3673,1360
3674,1537
3675,4650
3676,4656
3677,3653
3678,3655
3679,119
3680,1076
3681,1124
3682,1436
3683,1037
3684,1310
3685,1558
3686,3668
3687,4017
3688,3683
3689,41
3690,1592
3691,129
3692,4392
3693,4431
3694,4448
3695,3489
3696,3513
3697,3519
3698,3690
3699,3691
3700,3695
3701,893
3702,1628
3703,105
3704,175
3705,4267
3706,4277
3707,3707
3708,4286
3709,4290
3710,4291
3711,4294
3712,2182
3713,2189
3714,2223
3715,2316
3716,101
3717,107
3718,138
3719,3714
3720,181
3721,3723
3722,242
3723,161
3724,1126
3725,1668
3726,440
3727,593
3728,747
3729,2901
3730,961
3731,3731
3732,3733
3733,3737
3734,3744
3735,1545
3736,1675
3737,640
3738,764
3739,3746
3740,953
3741,4718
3742,4725
3743,2125
3744,3639
3745,1833
3746,3748
3747,1071
3748,3818
3749,3975
3750,3593
3751,3752
3752,1629
3753,1707
3754,46
3755,552
3756,4144
3757,2460
3758,2469
3759,2497
3760,2344
3761,2397
3762,3650
3763,3756
3764,3760
3765,709
3766,3764
3767,26
3768,30
3769,50
3770,100
3771,102
3772,124
3773,159
3774,166
3775,197
3776,209
3777,217
3778,247
3779,265
3780,267
3781,275
3782,3196
3783,3221
3784,3257
3785,3315
3786,3330
3787,3353
3788,3372
3789,3395
3790,3412
3791,3218
3792,806
3793,1001
3794,1245
3795,1304
3796,1638
3797,4302
3798,4359
3799,3774
3800,3780
3801,363
3802,372
3803,3783
3804,684
3805,1460
3806,137
3807,3348
3808,3378
3809,765
3810,2614
3811,2769
3812,720
3813,761
3814,3789
3815,60
3816,188
3817,246
3818,3943
3819,1090
3820,1299
3821,1486
3822,823
3823,827
3824,878
3825,70
3826,3806
3827,2184
3828,3826
3829,3807
3830,231
3831,81
3832,3507
3833,4636
3834,2142
3835,2143
3836,2173
3837,1851
3838,3825
3839,221
3840,31
3841,3808
3842,2289
3843,3813
3844,61
3845,1074
3846,650
3847,3827
3848,4012
3849,2207
3850,3472
3851,3388
3852,3834
3853,226
3854,3802
3855,3812
3856,3485
3857,3500
3858,1821
3859,1879
3860,2065
3861,4632
3862,416
3863,3836
3864,610
3865,672
3866,279
3867,3837
3868,3501
3869,3840
3870,795
3871,857
3872,3847
3873,417
3874,902
3875,1025
3876,1123
3877,1138
3878,3855
3879,1681
3880,3537
3881,4122
3882,3044
3883,3295
3884,3322
3885,3861
3886,575
3887,3869
3888,4292
3889,2743
3890,69
3891,9
3892,2808
3893,37
3894,1149
3895,1199
3896,1326
3897,3870
3898,1342
3899,1359
3900,3874
3901,1702
3902,1515
3903,1563
3904,4383
3905,2464
3906,796
3907,3920
3908,4023
3909,1887
3910,1967
3911,304
3912,451
3913,3880
3914,1075
3915,1659
3916,154
3917,179
3918,213
3919,3890
3920,430
3921,289
3922,3897
3923,3302
3924,2180
3925,2928
3926,112
3927,1613
3928,3113
3929,3130
3930,3230
3931,3253
3932,3318
3933,3320
3934,3383
3935,3456
3936,11
3937,151
3938,216
3939,10
3940,2851
3941,3898
3942,1081
3943,3899
3944,1448
3945,775
3946,2871
3947,2853
3948,3914
3949,2887
3950,2905
3951,2931
3952,2932
3953,2937
3954,3020
3955,3049
3956,3051
3957,3922
3958,3077
3959,4058
3960,4077
3961,3923
3962,4098
3963,4132
3964,4076
3965,4094
3966,4147
3967,565
3968,704
3969,326
3970,648
3971,3927
3972,3116
3973,3235
3974,3296
3975,1317
3976,1397
3977,62
3978,128
3979,3477
3980,3524
3981,3539
3982,3592
3983,3787
3984,3811
3985,3311
3986,424
3987,551
3988,1505
3989,387
3990,654
3991,3107
3992,3362
3993,749
3994,1653
3995,3929
3996,2117
3997,3940
3998,268
3999,3941
4000,78
4001,121
4002,3197
4003,3283
4004,3942
4005,611
4006,755
4007,426
4008,718
4009,318
4010,668
4011,713
4012,3946
4013,3335
4014,3229
4015,3346
4016,3389
4017,1745
4018,1777
4019,1810
4020,2092
4021,2093
4022,1053
4023,3054
4024,57
4025,96
4026,224
4027,244
4028,436
4029,3948
4030,1002
4031,1650
4032,826
4033,1052
4034,1286
4035,1423
4036,229
4037,890
4038,900
4039,1019
4040,1151
4041,1169
4042,1212
4043,1229
4044,1284
4045,3959
4046,1318
4047,1399
4048,1403
4049,1417
4050,1496
4051,3966
4052,1543
4053,1550
4054,1580
4055,1617
4056,3967
4057,1636
4058,3971
4059,4763
4060,4764
4061,4765
4062,3972
4063,1003
4064,3974
4065,1277
4066,1439
4067,1607
4068,3976
4069,4432
4070,4452
4071,4453
4072,4463
4073,4007
4074,4699
4075,4701
4076,4705
4077,2131
4078,3575
4079,3980
4080,3619
4081,3625
4082,3627
4083,3629
4084,6
4085,483
4086,4001
4087,1160
4088,1569
4089,1516
4090,4006
4091,1621
4092,769
4093,133
4094,2172
4095,4704
4096,249
4097,269
4098,3095
4099,262
4100,683
4101,3711
4102,3057
4103,2894
4104,2919
4105,2920
4106,2997
4107,3005
4108,3019
4109,3061
4110,4256
4111,4257
4112,4258
4113,4101
4114,84
4115,167
4116,4020
4117,3137
4118,228
4119,2222
4120,3518
4121,3530
4122,2848
4123,2512
4124,2513
4125,2598
4126,3195
4127,1389
4128,1649
4129,2510
4130,1751
4131,4027
4132,2024
4133,2033
4134,2194
4135,4035
4136,4123
4137,4042
4138,4487
4139,4047
4140,3499
4141,1901
4142,3952
4143,76
4144,4050
4145,2458
4146,2340
4147,2434
4148,4051
4149,1107
4150,1148
4151,1186
4152,4071
4153,1253
4154,1298
4155,4073
4156,4075
4157,1614
4158,2590
4159,92
4160,1140
4161,1258
4162,1288
4163,4082
4164,4085
4165,4714
4166,1548
4167,1755
4168,4087
4169,1923
4170,1965
4171,1997
4172,4317
4173,4351
4174,1790
4175,4088
4176,4104
4177,256
4178,4105
4179,4112
4180,2952
4181,218
4182,2900
4183,2960
4184,2985
4185,20
4186,192
4187,263
4188,21
4189,3204
4190,3460
4191,2681
4192,198
4193,4128
4194,2214
4195,3034
4196,1939
4197,4129
4198,2292
4199,2470
4200,2475
4201,36
4202,176
4203,1469
4204,4130
4205,4145
4206,3701
4207,82
4208,4151
4209,2227
4210,2713
4211,2714
4212,2727
4213,2785
4214,2904
4215,3070
4216,1825
4217,2406
4218,2474
4219,2486
4220,2502
4221,2275
4222,2392
4223,2895
4224,2969
4225,2995
4226,3014
4227,3307
4228,3313
4229,3646
4230,3767
4231,3910
4232,3990
4233,4016
4234,4153
4235,2074
4236,2196
4237,1041
4238,1430
4239,1020
4240,1390
4241,4169
4242,1603
4243,2062
4244,2087
4245,3185
4246,4245
4247,4181
4248,3147
4249,3148
4250,3174
4251,3178
4252,3184
4253,3192
4254,3193
4255,3205
4256,3297
4257,3316
4258,3319
4259,3333
4260,3342
4261,3347
4262,3403
4263,3424
4264,3444
4265,3451
4266,3469
4267,3358
4268,2396
4269,2413
4270,2435
4271,1269
4272,1391
4273,4188
4274,1673
4275,1711
4276,1812
4277,1963
4278,2060
4279,2324
4280,2364
4281,2389
4282,4350
4283,392
4284,399
4285,437
4286,487
4287,545
4288,597
4289,712
4290,2266
4291,4189
4292,3392
4293,4667
4294,4685
4295,4689
4296,2218
4297,2921
4298,2922
4299,3001
4300,4191
4301,2820
4302,4203
4303,3220
4304,4206
4305,3382
4306,1279
4307,1293
4308,1674
4309,1831
4310,1849
4311,4214
4312,2006
4313,2079
4314,2095
4315,752
4316,3536
4317,3224
4318,3467
4319,3534
4320,3512
4321,4220
4322,2281
4323,2440
4324,523
4325,173
4326,1841
4327,2007
4328,4393
4329,4221
4330,4397
4331,4421
4332,4425
4333,4449
4334,4456
4335,4471
4336,4472
4337,4223
4338,4479
4339,255
4340,2605
4341,2690
4342,164
4343,3996
4344,733
4345,736
4346,3838
4347,98
4348,2133
4349,3953
4350,1398
4351,843
4352,1401
4353,1599
4354,4229
4355,80
4356,1231
4357,1405
4358,2978
4359,3487
4360,4242
4361,855
4362,942
4363,3860
4364,4244
4365,677
4366,386
4367,3887
4368,2247
4369,2533
4370,4246
4371,2683
4372,2722
4373,2789
4374,3605
4375,3775
4376,2617
4377,3745
4378,4282
4379,371
4380,710
4381,4328
4382,4336
4383,4247
4384,1097
4385,1187
4386,1274
4387,1385
4388,1433
4389,1726
4390,1727
4391,1471
4392,1521
4393,3112
4394,3134
4395,3231
4396,91
4397,679
4398,1795
4399,384
4400,4251
4401,2262
4402,2391
4403,1761
4404,1966
4405,2068
4406,24
4407,131
4408,254
4409,2331
4410,2419
4411,2487
4412,3614
4413,3677
4414,3699
4415,3716
4416,3792
4417,862
4418,2216
4419,2145
4420,2526
4421,4252
4422,2897
4423,4260
4424,3075
4425,2966
4426,3886
4427,3903
4428,3986
4429,2183
4430,2564
4431,4270
4432,816
4433,4283
4434,1907
4435,1908
4436,1926
4437,1951
4438,4301
4439,1972
4440,2020
4441,2119
4442,4329
4443,4332
4444,4339
4445,4348
4446,4374
4447,3463
4448,4069
4449,4341
4450,225
4451,1275
4452,4347
4453,4355
4454,1494
4455,1513
4456,789
4457,859
4458,156
4459,3649
4460,3154
4461,2174
4462,2241
4463,604
4464,4361
4465,4369
4466,686
4467,779
4468,824
4469,838
4470,858
4471,903
4472,1094
4473,4371
4474,1150
4475,1154
4476,1179
4477,1224
4478,1333
4479,1338
4480,1348
4481,1400
4482,1484
4483,1715
4484,4045
4485,4066
4486,4067
4487,4084
4488,4093
4489,4116
4490,1864
4491,4375
4492,2872
4493,2953
4494,2989
4495,3542
4496,4386
4497,4394
4498,1421
4499,1492
4500,1581
4501,1658
4502,2641
4503,4417
4504,2716
4505,4434
4506,2579
4507,2592
4508,2742
4509,2787
4510,1775
4511,2179
4512,3810
4513,1875
4514,266
4515,4435
4516,2943
4517,3997
4518,3963
4519,2390
4520,3271
4521,3088
4522,3129
4523,982
4524,4315
4525,4326
4526,4334
4527,4362
4528,3105
4529,3247
4530,3361
4531,3418
4532,3438
4533,4476
4534,2977
4535,4486
4536,3968
4537,3969
4538,3917
4539,2642
4540,4490
4541,8
4542,177
4543,207
4544,243
4545,4500
4546,5
4547,4508
4548,15
4549,4515
4550,88
4551,3902
4552,4738
4553,4739
4554,4741
4555,4744
4556,4746
4557,4747
4558,4749
4559,4517
4560,1539
4561,1692
4562,3156
4563,4529
4564,968
4565,1667
4566,1478
4567,904
4568,3700
4569,3633
4570,4498
4571,4504
4572,4556
4573,4532
4574,4566
4575,4567
4576,4534
4577,4580
4578,4581
4579,4589
4580,4590
4581,4593
4582,4599
4583,4603
4584,4537
4585,4538
4586,3785
4587,178
4588,966
4589,970
4590,1104
4591,4539
4592,1501
4593,3157
4594,3809
4595,4054
4596,4192
4597,4195
4598,4208
4599,4209
4600,4210
4601,4564
4602,4225
4603,4231
4604,4236
4605,4509
4606,4510
4607,4511
4608,4512
4609,4516
4610,4571
4611,4519
4612,4527
4613,4536
4614,4627
4615,4540
4616,1294
4617,4638
4618,4131
4619,4187
4620,1853
4621,3531
4622,300
4623,4643
4624,479
4625,4644
4626,4645
4627,560
4628,569
4629,4646
4630,695
4631,734
4632,763
4633,316
4634,234
4635,3214
4636,3233
4637,3402
4638,3496
4639,3546
4640,825
4641,4659
4642,852
4643,868
4644,897
4645,1032
4646,1165
4647,1194
4648,1672
4649,111
4650,2712
4651,2825
4652,2840
4653,2879
4654,3009
4655,3016
4656,3071
4657,4414
4658,4420
4659,3292
4660,3240
4661,3299
4662,612
4663,694
4664,740
4665,19
4666,106
4667,584
4668,4660
4669,3502
4670,3517
4671,2657
4672,3099
4673,2066
4674,3114
4675,3090
4676,977
4677,1133
4678,1765
4679,1889
4680,1936
4681,3339
4682,3987
4683,4152
4684,4661
4685,997
4686,1195
4687,1425
4688,1524
4689,1627
4690,2534
4691,4668
4692,3003
4693,596
4694,2951
4695,4673
4696,3443
4697,4674
4698,643
4699,73
4700,3374
4701,4677
4702,2907
4703,4688
4704,3851
4705,948
4706,1242
4707,1334
4708,1340
4709,1591
4710,1602
4711,1717
4712,820
4713,4310
4714,333
4715,122
4716,189
4717,4032
4718,423
4719,3747
4720,4700
4721,2732
4722,2519
4723,4614
4724,4617
4725,4619
4726,4620
4727,4621
4728,4625
4729,788
4730,817
4731,4702
4732,980
4733,1100
4734,1163
4735,1210
4736,1249
4737,4706
4738,4707
4739,4723
4740,1420
4741,4727
4742,1455
4743,1560
4744,1567
4745,1583
4746,1663
4747,4752
4748,2632
4749,1566
4750,3486
4751,766
4752,16
4753,7
4754,23
4755,32
4756,42
4757,43
4758,65
4759,68
4760,90
4761,109
4762,136
4763,145
4764,184
4765,185
4766,4762
4767,4766
4768,220
4769,4771
4770,259
4771,273
4772,276
