"id","scan_no","begin_page_no","end_page_no"
"1","BHVP_703983_001","1","1"
"2","BHVP_703983_002","2","2"
"3","BHVP_703983_003","3","3"
"4","BHVP_703983_004","4","4"
"5","BHVP_703983_005","5","5"
"6","BHVP_703983_006","6","6"
"7","BHVP_703983_007","7","7"
"8","BHVP_703983_008","8","8"
"9","BHVP_703983_009","9","9"
"10","BHVP_703983_010","10","10"
"11","BHVP_703983_011","11","11"
"12","BHVP_703983_012","12","12"
"13","BHVP_703983_013","13","13"
"14","BHVP_703983_014","14","14"
"15","BHVP_703983_015","15","15"
"16","BHVP_703983_016","16","16"
"17","BHVP_703983_017","17","17"
"18","BHVP_703983_018","18","18"
"19","BHVP_703983_019","19","19"
"20","BHVP_703983_020","20","20"
"21","BHVP_703983_021","21","21"
"22","BHVP_703983_022","22","22"
"23","BHVP_703983_023","23","23"
"24","BHVP_703983_024","24","24"
"25","BHVP_703983_025","25","25"
"26","BHVP_703983_026","26","26"
"27","BHVP_703983_027","27","27"
"28","BHVP_703983_028","28","28"
"29","BHVP_703983_029","29","29"
"30","BHVP_703983_030","30","30"
"31","BHVP_703983_031","31","31"
"32","BHVP_703983_032","32","32"
"33","BHVP_703983_033","33","33"
"34","BHVP_703983_034","34","34"
"35","BHVP_703983_035","35","35"
"36","BHVP_703983_036","36","36"
"37","BHVP_703983_037","37","37"
"38","BHVP_703983_038","38","38"
"39","BHVP_703983_039","39","39"
"40","BHVP_703983_040","40","40"
"41","BHVP_703983_041","41","41"
"42","BHVP_703983_042","42","42"
"43","BHVP_703983_043","43","43"
"44","BHVP_703983_044","44","44"
"45","BHVP_703983_045","45","45"
"46","BHVP_703983_046","46","46"
"47","BHVP_703983_047","47","47"
"48","BHVP_703983_048","48","48"
"49","BHVP_703983_049","49","49"
"50","BHVP_703983_050","50","50"
"51","BHVP_703983_051","51","51"
"52","BHVP_703983_052","52","52"
"53","BHVP_703983_053","53","53"
"54","BHVP_703983_054","54","54"
"55","BHVP_703983_055","55","55"
"56","BHVP_703983_056","56","56"
"57","BHVP_703983_057","57","57"
"58","BHVP_703983_058","58","58"
"59","BHVP_703983_059","59","59"
"60","BHVP_703983_060","60","60"
"61","BHVP_703983_061","61","61"
"62","BHVP_703983_062","62","62"
"63","BHVP_703983_063","63","63"
"64","BHVP_703983_064","64","64"
"65","BHVP_703983_065","65","65"
"66","BHVP_703983_066","66","66"
"67","BHVP_703983_067","67","67"
"68","BHVP_703983_068","68","68"
"69","BHVP_703983_069","69","69"
"70","BHVP_703983_070","70","70"
"71","BHVP_703983_071","71","71"
"72","BHVP_703983_072","72","72"
"73","BHVP_703983_073","73","73"
"74","BHVP_703983_074","74","74"
"75","BHVP_703983_075","75","75"
"76","BHVP_703983_076","76","76"
"77","BHVP_703983_077","77","77"
"78","BHVP_703983_078","78","78"
"79","BHVP_703983_079","79","79"
"80","BHVP_703983_080","80","80"
"81","BHVP_703983_081","81","81"
"82","BHVP_703983_082","82","82"
"83","BHVP_703983_083","83","83"
"84","BHVP_703983_084","84","84"
"85","BHVP_703983_085","85","85"
"86","BHVP_703983_086","86","86"
"87","BHVP_703983_087","87","87"
"88","BHVP_703983_088","88","88"
"89","BHVP_703983_089","89","89"
"90","BHVP_703983_090","90","90"
"91","BHVP_703983_091","91","91"
"92","BHVP_703983_092","92","92"
"93","BHVP_703983_093","93","93"
"94","BHVP_703983_094","94","94"
"95","BHVP_703983_095","95","95"
"96","BHVP_703983_096","96","96"
"97","BHVP_703983_097","97","97"
"98","BHVP_703983_098","98","98"
"99","BHVP_703983_099","99","99"
"100","BHVP_703983_100","100","100"
"101","BHVP_703983_101","101","101"
"102","BHVP_703983_102","102","102"
"103","BHVP_703983_103","103","103"
"104","BHVP_703983_104","104","104"
"105","BHVP_703983_105","105","105"
"106","BHVP_703983_106","106","106"
"107","BHVP_703983_107","107","107"
"108","BHVP_703983_108","108","108"
"109","BHVP_703983_109","109","109"
"110","BHVP_703983_110","110","110"
"111","BHVP_703983_111","111","111"
"112","BHVP_703983_112","112","112"
"113","BHVP_703983_113","113","113"
"114","BHVP_703983_114","114","114"
"115","BHVP_703983_115","115","115"
"116","BHVP_703983_116","116","116"
"117","BHVP_703983_117","117","117"
"118","BHVP_703983_118","118","118"
"119","BHVP_703983_119","119","119"
"120","BHVP_703983_120","120","120"
"121","BHVP_703983_121","121","121"
"122","BHVP_703983_122","122","122"
"123","BHVP_703983_123","123","123"
"124","BHVP_703983_124","124","124"
"125","BHVP_703983_125","125","125"
"126","BHVP_703983_126","126","126"
"127","BHVP_703983_127","127","127"
"128","BHVP_703983_128","128","128"
"129","BHVP_703983_129","129","129"
"130","BHVP_703983_130","130","130"
"131","BHVP_703983_131","131","131"
"132","BHVP_703983_132","132","132"
"133","BHVP_703983_133","133","133"
"134","BHVP_703983_134","134","134"
"135","BHVP_703983_135","135","135"
"136","BHVP_703983_136","136","136"
"137","BHVP_703983_137","137","137"
"138","BHVP_703983_138","138","138"
"139","BHVP_703983_139","139","139"
"140","BHVP_703983_140","140","140"
"141","BHVP_703983_141","141","141"
"142","BHVP_703983_142","142","142"
"143","BHVP_703983_143","143","143"
"144","BHVP_703983_144","144","144"
"145","BHVP_703983_145","145","145"
"146","BHVP_703983_146","146","146"
"147","BHVP_703983_147","147","147"
"148","BHVP_703983_148","148","148"
"149","BHVP_703983_149","149","149"
"150","BHVP_703983_150","150","150"
"151","BHVP_703983_151","151","151"
"152","BHVP_703983_152","152","152"
"153","BHVP_703983_153","153","153"
"154","BHVP_703983_154","154","154"
"155","BHVP_703983_155","155","155"
"156","BHVP_703983_156","156","156"
"157","BHVP_703983_157","157","157"
"158","BHVP_703983_158","158","158"
"159","BHVP_703983_159","159","159"
"160","BHVP_703983_160","160","160"
"161","BHVP_703983_161","161","161"
"162","BHVP_703983_162","162","162"
"163","BHVP_703983_163","163","163"
"164","BHVP_703983_164","164","164"
"165","BHVP_703983_165","165","165"
"166","BHVP_703983_166","166","166"
"167","BHVP_703983_167","167","167"
"168","BHVP_703983_168","168","168"
"169","BHVP_703983_169","169","169"
"170","BHVP_703983_170","170","170"
"171","BHVP_703983_171","171","171"
"172","BHVP_703983_172","172","172"
"173","BHVP_703983_173","173","173"
"174","BHVP_703983_174","174","174"
"175","BHVP_703983_175","175","175"
"176","BHVP_703983_176","176","176"
"177","BHVP_703983_177","177","177"
"178","BHVP_703983_178","178","178"
"179","BHVP_703983_179","179","179"
"180","BHVP_703983_180","180","180"
"181","BHVP_703983_181","181","181"
"182","BHVP_703983_182","182","182"
"183","BHVP_703983_183","183","183"
"184","BHVP_703983_184","184","184"
"185","BHVP_703983_185","185","185"
"186","BHVP_703983_186","186","186"
"187","BHVP_703983_187","187","187"
"188","BHVP_703983_188","188","188"
"189","BHVP_703983_189","189","189"
"190","BHVP_703983_190","190","190"
"191","BHVP_703983_191","191","191"
"192","BHVP_703983_192","192","192"
"193","BHVP_703983_193","193","193"
"194","BHVP_703983_194","194","194"
"195","BHVP_703983_195","195","195"
"196","BHVP_703983_196","196","196"
"197","BHVP_703983_197","197","197"
"198","BHVP_703983_198","198","198"
"199","BHVP_703983_199","199","199"
"200","BHVP_703983_200","200","200"
"201","BHVP_703983_201","201","201"
"202","BHVP_703983_202","202","202"
"203","BHVP_703983_203","203","203"
"204","BHVP_703983_204","204","204"
"205","BHVP_703983_205","205","205"
"206","BHVP_703983_206","206","206"
"207","BHVP_703983_207","207","207"
"208","BHVP_703983_208","208","208"
"209","BHVP_703983_209","209","209"
"210","BHVP_703983_210","210","210"
"211","BHVP_703983_211","211","211"
"212","BHVP_703983_212","212","212"
"213","BHVP_703983_213","213","213"
"214","BHVP_703983_214","214","214"
"215","BHVP_703983_215","215","215"
"216","BHVP_703983_216","216","216"
"217","BHVP_703983_217","217","217"
"218","BHVP_703983_218","218","218"
"219","BHVP_703983_219","219","219"
"220","BHVP_703983_220","220","220"
"221","BHVP_703983_221","221","221"
"222","BHVP_703983_222","222","222"
"223","BHVP_703983_223","223","223"
"224","BHVP_703983_224","224","224"
"225","BHVP_703983_225","225","225"
"226","BHVP_703983_226","226","226"
"227","BHVP_703983_227","227","227"
"228","BHVP_703983_228","228","228"
"229","BHVP_703983_229","229","229"
"230","BHVP_703983_230","230","230"
"231","BHVP_703983_231","231","231"
"232","BHVP_703983_232","232","232"
"233","BHVP_703983_233","233","233"
"234","BHVP_703983_234","234","234"
"235","BHVP_703983_235","235","235"
"236","BHVP_703983_236","236","236"
"237","BHVP_703983_237","237","237"
"238","BHVP_703983_238","238","238"
"239","BHVP_703983_239","239","239"
"240","BHVP_703983_240","240","240"
"241","BHVP_703983_241","241","241"
"242","BHVP_703983_242","242","242"
"243","BHVP_703983_243","243","243"
"244","BHVP_703983_244","244","244"
"245","BHVP_703983_245","245","245"
"246","BHVP_703983_246","246","246"
"247","BHVP_703983_247","247","247"
"248","BHVP_703983_248","248","248"
"249","BHVP_703983_249","249","249"
"250","BHVP_703983_250","250","250"
"251","BHVP_703983_251","251","251"
"252","BHVP_703983_252","252","252"
"253","BHVP_703983_253","253","253"
"254","BHVP_703983_254","254","254"
"255","BHVP_703983_255","255","255"
"256","BHVP_703983_extra_1","256","256"
"257","BHVP_703983_extra_2","257","257"
"258","BHVP_703983_extra_3","258","258"
