"original_reference_id","person_id"
"20","1"
"20","2"
"21","3"
"21","4"
"21","5"
"22","6"
"22","7"
"22","8"
"22","9"
"22","10"
"22","11"
"23","12"
"23","13"
"23","14"
"23","15"
"24","16"
"24","17"
"24","18"
"25","19"
"25","20"
"25","21"
"27","22"
"27","23"
"27","24"
"30","25"
"30","26"
"31","27"
"31","28"
"31","29"
"32","30"
"32","31"
"32","32"
"33","33"
"33","34"
"33","35"
"33","36"
"34","37"
"34","38"
"35","39"
"37","40"
"37","41"
"37","42"
"0","43"
"37","44"
"38","45"
"38","46"
"38","47"
"38","48"
"38","49"
"39","50"
"39","51"
"39","52"
"39","53"
"40","54"
"42","55"
"42","56"
"42","57"
"43","58"
"43","59"
"43","60"
"43","61"
"44","62"
"44","63"
"45","64"
"45","65"
"45","66"
"46","67"
"46","68"
"47","69"
"47","70"
"48","71"
"49","72"
"49","73"
"50","74"
"50","75"
"51","76"
"51","77"
"51","78"
"51","79"
"51","80"
"51","81"
"52","82"
"52","83"
"52","84"
"52","85"
"52","86"
"52","87"
"54","88"
"54","89"
"55","90"
"57","91"
"57","92"
"58","93"
"59","94"
"59","95"
"59","96"
"60","97"
"61","98"
"62","99"
"63","100"
"63","101"
"65","102"
"65","103"
"65","104"
"65","105"
"65","106"
"66","107"
"68","108"
"69","109"
"69","110"
"101","111"
"101","112"
"71","113"
"71","114"
"71","115"
"71","116"
"0","117"
"102","118"
"72","119"
"72","120"
"72","121"
"73","122"
"73","123"
"73","124"
"73","125"
"73","126"
"103","127"
"74","128"
"75","129"
"75","130"
"75","131"
"75","132"
"104","133"
"104","134"
"104","135"
"105","136"
"107","137"
"76","138"
"76","139"
"76","140"
"76","141"
"76","142"
"77","143"
"77","144"
"77","145"
"107","146"
"78","147"
"107","148"
"107","149"
"107","150"
"108","151"
"79","152"
"79","153"
"108","154"
"108","155"
"80","156"
"108","157"
"109","158"
"80","159"
"109","160"
"109","161"
"109","162"
"81","163"
"81","164"
"109","165"
"81","166"
"81","167"
"82","168"
"82","169"
"110","170"
"83","171"
"110","172"
"110","173"
"84","174"
"84","175"
"84","176"
"84","177"
"111","178"
"111","179"
"86","180"
"86","181"
"87","182"
"87","183"
"88","184"
"89","185"
"89","186"
"112","187"
"90","188"
"90","189"
"91","190"
"91","191"
"91","192"
"91","193"
"91","194"
"92","195"
"93","196"
"93","197"
"94","198"
"95","199"
"95","200"
"96","201"
"97","202"
"98","203"
"99","204"
"0","205"
"99","206"
"130","207"
"131","208"
"131","209"
"131","210"
"132","211"
"133","212"
"134","213"
"134","214"
"134","215"
"135","216"
"135","217"
"136","218"
"136","219"
"136","220"
"136","221"
"136","222"
"136","223"
"137","224"
"112","225"
"137","226"
"139","227"
"139","228"
"113","229"
"113","230"
"113","231"
"140","232"
"115","233"
"118","234"
"116","235"
"118","236"
"118","237"
"118","238"
"119","239"
"119","240"
"116","241"
"117","242"
"0","243"
"142","244"
"143","245"
"143","246"
"117","247"
"144","248"
"120","249"
"122","250"
"161","251"
"120","252"
"121","253"
"123","254"
"162","255"
"123","256"
"162","257"
"123","258"
"123","259"
"121","260"
"121","261"
"124","262"
"124","263"
"125","264"
"125","265"
"125","266"
"125","267"
"126","268"
"126","269"
"127","270"
"128","271"
"129","272"
"129","273"
"97","274"
"125","275"
"100","276"
"100","277"
"100","278"
"100","279"
"50","280"
"19","281"
"19","282"
"20","283"
"20","284"
"20","285"
"20","286"
"20","287"
"21","288"
"21","289"
"21","290"
"21","291"
"19","292"
"21","293"
"21","294"
"21","295"
"22","296"
"22","297"
"23","298"
"23","299"
"25","300"
"25","301"
"25","302"
"25","303"
"25","304"
"25","305"
"26","306"
"26","307"
"27","308"
"27","309"
"27","310"
"27","311"
"27","312"
"27","313"
"28","314"
"28","315"
"28","316"
"29","317"
"29","318"
"29","319"
"30","320"
"30","321"
"30","322"
"30","323"
"31","324"
"31","325"
"32","326"
"32","327"
"33","328"
"33","329"
"33","330"
"34","331"
"34","332"
"34","333"
"34","334"
"34","335"
"35","336"
"35","337"
"35","338"
"35","339"
"35","340"
"35","341"
"35","342"
"35","343"
"36","344"
"36","345"
"36","346"
"36","347"
"36","348"
"36","349"
"36","350"
"37","351"
"0","352"
"38","353"
"38","354"
"38","355"
"39","356"
"39","357"
"39","358"
"39","359"
"39","360"
"40","361"
"40","362"
"40","363"
"40","364"
"40","365"
"40","366"
"40","367"
"40","368"
"40","369"
"40","370"
"41","371"
"42","372"
"42","373"
"42","374"
"42","375"
"43","376"
"43","377"
"43","378"
"43","379"
"43","380"
"43","381"
"44","382"
"44","383"
"44","384"
"45","385"
"45","386"
"45","387"
"45","388"
"46","389"
"46","390"
"46","391"
"46","392"
"47","393"
"47","394"
"47","395"
"47","396"
"47","397"
"48","398"
"48","399"
"48","400"
"48","401"
"48","402"
"49","403"
"49","404"
"49","405"
"49","406"
"49","407"
"50","408"
"50","409"
"51","410"
"51","411"
"51","412"
"52","413"
"53","414"
"53","415"
"53","416"
"55","417"
"55","418"
"56","419"
"57","420"
"0","421"
"58","422"
"58","423"
"58","424"
"59","425"
"59","426"
"59","427"
"59","428"
"59","429"
"60","430"
"60","431"
"60","432"
"60","433"
"61","434"
"61","435"
"62","436"
"62","437"
"62","438"
"63","439"
"63","440"
"63","441"
"63","442"
"63","443"
"63","444"
"64","445"
"64","446"
"64","447"
"65","448"
"65","449"
"65","450"
"65","451"
"66","452"
"66","453"
"66","454"
"67","455"
"68","456"
"68","457"
"68","458"
"68","459"
"68","460"
"68","461"
"69","462"
"69","463"
"69","464"
"0","465"
"101","466"
"101","467"
"101","468"
"101","469"
"70","470"
"70","471"
"71","472"
"71","473"
"71","474"
"71","475"
"71","476"
"71","477"
"102","478"
"102","479"
"72","480"
"72","481"
"72","482"
"73","483"
"73","484"
"73","485"
"0","486"
"103","487"
"74","488"
"74","489"
"74","490"
"74","491"
"74","492"
"104","493"
"75","494"
"75","495"
"75","496"
"75","497"
"104","498"
"104","499"
"104","500"
"105","501"
"105","502"
"105","503"
"105","504"
"105","505"
"105","506"
"105","507"
"105","508"
"105","509"
"106","510"
"106","511"
"106","512"
"107","513"
"76","514"
"77","515"
"77","516"
"77","517"
"77","518"
"78","519"
"78","520"
"107","521"
"107","522"
"78","523"
"107","524"
"78","525"
"107","526"
"78","527"
"79","528"
"107","529"
"79","530"
"108","531"
"79","532"
"81","533"
"80","534"
"80","535"
"80","536"
"80","537"
"80","538"
"80","539"
"80","540"
"80","541"
"80","542"
"109","543"
"80","544"
"81","545"
"81","546"
"81","547"
"109","548"
"82","549"
"82","550"
"110","551"
"110","552"
"83","553"
"83","554"
"83","555"
"83","556"
"110","557"
"83","558"
"83","559"
"83","560"
"83","561"
"84","562"
"110","563"
"111","564"
"111","565"
"111","566"
"85","567"
"85","568"
"85","569"
"85","570"
"86","571"
"86","572"
"86","573"
"86","574"
"86","575"
"86","576"
"87","577"
"87","578"
"88","579"
"88","580"
"88","581"
"89","582"
"111","583"
"89","584"
"90","585"
"112","586"
"90","587"
"90","588"
"90","589"
"90","590"
"91","591"
"91","592"
"91","593"
"92","594"
"92","595"
"92","596"
"92","597"
"93","598"
"93","599"
"94","600"
"94","601"
"95","602"
"95","603"
"96","604"
"96","605"
"96","606"
"96","607"
"96","608"
"96","609"
"97","610"
"97","611"
"97","612"
"97","613"
"97","614"
"97","615"
"97","616"
"98","617"
"98","618"
"98","619"
"98","620"
"99","621"
"99","622"
"99","623"
"99","624"
"99","625"
"99","626"
"130","627"
"130","628"
"130","629"
"130","630"
"131","631"
"131","632"
"131","633"
"131","634"
"132","635"
"132","636"
"133","637"
"133","638"
"133","639"
"134","640"
"134","641"
"134","642"
"135","643"
"135","644"
"135","645"
"135","646"
"135","647"
"135","648"
"136","649"
"136","650"
"137","651"
"137","652"
"137","653"
"112","654"
"137","655"
"112","656"
"112","657"
"112","658"
"138","659"
"138","660"
"138","661"
"138","662"
"138","663"
"138","664"
"138","665"
"138","666"
"138","667"
"114","668"
"113","669"
"139","670"
"139","671"
"113","672"
"139","673"
"113","674"
"113","675"
"113","676"
"139","677"
"140","678"
"114","679"
"114","680"
"115","681"
"115","682"
"115","683"
"140","684"
"140","685"
"140","686"
"140","687"
"140","688"
"140","689"
"140","690"
"140","691"
"141","692"
"141","693"
"141","694"
"141","695"
"115","696"
"115","697"
"116","698"
"118","699"
"0","700"
"142","701"
"142","702"
"143","703"
"143","704"
"143","705"
"143","706"
"143","707"
"117","708"
"117","709"
"117","710"
"117","711"
"117","712"
"117","713"
"119","714"
"119","715"
"143","716"
"120","717"
"120","718"
"122","719"
"122","720"
"122","721"
"122","722"
"144","723"
"144","724"
"144","725"
"144","726"
"144","727"
"161","728"
"122","729"
"122","730"
"161","731"
"161","732"
"120","733"
"122","734"
"120","735"
"120","736"
"161","737"
"161","738"
"119","739"
"123","740"
"161","741"
"162","742"
"162","743"
"162","744"
"121","745"
"124","746"
"124","747"
"125","748"
"125","749"
"125","750"
"126","751"
"126","752"
"126","753"
"127","754"
"127","755"
"127","756"
"127","757"
"127","758"
"127","759"
"128","760"
"129","761"
"129","762"
"129","763"
"47","764"
"57","765"
"19","766"
"109","767"
"129","768"
"100","769"
"100","770"
"100","771"
"100","772"
"19","773"
"19","774"
"19","775"
"19","776"
"19","777"
"19","778"
"19","779"
"20","780"
"20","781"
"20","782"
"20","783"
"21","784"
"21","785"
"21","786"
"21","787"
"22","788"
"22","789"
"22","790"
"22","791"
"22","792"
"22","793"
"22","794"
"22","795"
"22","796"
"23","797"
"23","798"
"23","799"
"23","800"
"23","801"
"23","802"
"23","803"
"23","804"
"23","805"
"23","806"
"23","807"
"24","808"
"24","809"
"24","810"
"24","811"
"24","812"
"24","813"
"24","814"
"25","815"
"25","816"
"25","817"
"25","818"
"25","819"
"25","820"
"25","821"
"25","822"
"0","823"
"26","824"
"26","825"
"26","826"
"26","827"
"26","828"
"26","829"
"0","830"
"26","831"
"27","832"
"27","833"
"27","834"
"27","835"
"27","836"
"27","837"
"27","838"
"27","839"
"28","840"
"28","841"
"28","842"
"28","843"
"0","844"
"28","845"
"28","846"
"28","847"
"28","848"
"28","849"
"29","850"
"29","851"
"0","852"
"29","853"
"29","854"
"29","855"
"29","856"
"30","857"
"30","858"
"30","859"
"30","860"
"30","861"
"30","862"
"30","863"
"30","864"
"30","865"
"31","866"
"31","867"
"31","868"
"31","869"
"31","870"
"31","871"
"31","872"
"31","873"
"31","874"
"31","875"
"32","876"
"32","877"
"32","878"
"32","879"
"32","880"
"32","881"
"32","882"
"32","883"
"32","884"
"33","885"
"33","886"
"33","887"
"33","888"
"33","889"
"34","890"
"34","891"
"34","892"
"35","893"
"35","894"
"35","895"
"35","896"
"35","897"
"35","898"
"36","899"
"36","900"
"36","901"
"36","902"
"36","903"
"36","904"
"36","905"
"37","906"
"37","907"
"37","908"
"37","909"
"37","910"
"37","911"
"37","912"
"37","913"
"37","914"
"38","915"
"38","916"
"38","917"
"0","918"
"38","919"
"38","920"
"38","921"
"38","922"
"39","923"
"39","924"
"39","925"
"39","926"
"39","927"
"39","928"
"39","929"
"40","930"
"40","931"
"40","932"
"40","933"
"40","934"
"41","935"
"41","936"
"41","937"
"41","938"
"41","939"
"42","940"
"42","941"
"42","942"
"42","943"
"42","944"
"42","945"
"42","946"
"43","947"
"43","948"
"43","949"
"43","950"
"43","951"
"43","952"
"44","953"
"44","954"
"44","955"
"44","956"
"44","957"
"44","958"
"44","959"
"44","960"
"44","961"
"44","962"
"44","963"
"44","964"
"45","965"
"45","966"
"45","967"
"45","968"
"45","969"
"45","970"
"45","971"
"45","972"
"45","973"
"45","974"
"45","975"
"46","976"
"46","977"
"46","978"
"47","979"
"47","980"
"47","981"
"47","982"
"47","983"
"47","984"
"48","985"
"48","986"
"48","987"
"48","988"
"48","989"
"48","990"
"49","991"
"49","992"
"48","993"
"49","994"
"50","995"
"50","996"
"50","997"
"50","998"
"50","999"
"50","1000"
"51","1001"
"51","1002"
"51","1003"
"51","1004"
"51","1005"
"51","1006"
"51","1007"
"51","1008"
"52","1009"
"52","1010"
"52","1011"
"52","1012"
"52","1013"
"52","1014"
"53","1015"
"53","1016"
"53","1017"
"53","1018"
"53","1019"
"53","1020"
"53","1021"
"53","1022"
"53","1023"
"53","1024"
"54","1025"
"54","1026"
"54","1027"
"54","1028"
"54","1029"
"54","1030"
"55","1031"
"55","1032"
"55","1033"
"55","1034"
"55","1035"
"55","1036"
"56","1037"
"56","1038"
"56","1039"
"56","1040"
"56","1041"
"56","1042"
"56","1043"
"57","1044"
"57","1045"
"57","1046"
"57","1047"
"57","1048"
"58","1049"
"58","1050"
"58","1051"
"58","1052"
"58","1053"
"58","1054"
"58","1055"
"58","1056"
"58","1057"
"59","1058"
"59","1059"
"59","1060"
"59","1061"
"59","1062"
"59","1063"
"59","1064"
"59","1065"
"59","1066"
"59","1067"
"59","1068"
"60","1069"
"60","1070"
"60","1071"
"60","1072"
"60","1073"
"60","1074"
"60","1075"
"60","1076"
"60","1077"
"60","1078"
"61","1079"
"61","1080"
"61","1081"
"61","1082"
"61","1083"
"61","1084"
"61","1085"
"61","1086"
"61","1087"
"61","1088"
"61","1089"
"62","1090"
"62","1091"
"62","1092"
"62","1093"
"62","1094"
"62","1095"
"62","1096"
"63","1097"
"63","1098"
"63","1099"
"63","1100"
"63","1101"
"63","1102"
"64","1103"
"64","1104"
"64","1105"
"64","1106"
"64","1107"
"64","1108"
"65","1109"
"65","1110"
"65","1111"
"65","1112"
"65","1113"
"65","1114"
"65","1115"
"65","1116"
"65","1117"
"65","1118"
"66","1119"
"66","1120"
"66","1121"
"66","1122"
"66","1123"
"66","1124"
"66","1125"
"66","1126"
"66","1127"
"67","1128"
"67","1129"
"67","1130"
"67","1131"
"67","1132"
"67","1133"
"68","1134"
"68","1135"
"68","1136"
"68","1137"
"68","1138"
"68","1139"
"69","1140"
"69","1141"
"69","1142"
"69","1143"
"69","1144"
"69","1145"
"69","1146"
"69","1147"
"69","1148"
"69","1149"
"69","1150"
"101","1151"
"70","1152"
"101","1153"
"101","1154"
"101","1155"
"70","1156"
"101","1157"
"70","1158"
"70","1159"
"70","1160"
"70","1161"
"70","1162"
"102","1163"
"102","1164"
"71","1165"
"71","1166"
"102","1167"
"102","1168"
"102","1169"
"71","1170"
"102","1171"
"71","1172"
"72","1173"
"102","1174"
"72","1175"
"72","1176"
"102","1177"
"72","1178"
"72","1179"
"103","1180"
"72","1181"
"72","1182"
"72","1183"
"72","1184"
"73","1185"
"73","1186"
"73","1187"
"73","1188"
"73","1189"
"74","1190"
"103","1191"
"74","1192"
"103","1193"
"103","1194"
"103","1195"
"103","1196"
"74","1197"
"74","1198"
"103","1199"
"74","1200"
"103","1201"
"103","1202"
"104","1203"
"104","1204"
"75","1205"
"75","1206"
"75","1207"
"75","1208"
"76","1209"
"104","1210"
"104","1211"
"104","1212"
"104","1213"
"104","1214"
"104","1215"
"104","1216"
"104","1217"
"104","1218"
"104","1219"
"104","1220"
"104","1221"
"105","1222"
"105","1223"
"105","1224"
"105","1225"
"105","1226"
"105","1227"
"105","1228"
"105","1229"
"106","1230"
"106","1231"
"106","1232"
"106","1233"
"106","1234"
"106","1235"
"106","1236"
"106","1237"
"76","1238"
"76","1239"
"76","1240"
"76","1241"
"76","1242"
"76","1243"
"76","1244"
"76","1245"
"76","1246"
"77","1247"
"77","1248"
"77","1249"
"77","1250"
"77","1251"
"77","1252"
"77","1253"
"77","1254"
"77","1255"
"77","1256"
"107","1257"
"107","1258"
"107","1259"
"107","1260"
"78","1261"
"107","1262"
"78","1263"
"107","1264"
"78","1265"
"78","1266"
"107","1267"
"79","1268"
"79","1269"
"107","1270"
"79","1271"
"107","1272"
"108","1273"
"108","1274"
"108","1275"
"79","1276"
"108","1277"
"79","1278"
"108","1279"
"80","1280"
"108","1281"
"80","1282"
"80","1283"
"80","1284"
"109","1285"
"80","1286"
"80","1287"
"80","1288"
"109","1289"
"81","1290"
"109","1291"
"109","1292"
"81","1293"
"81","1294"
"109","1295"
"81","1296"
"82","1297"
"109","1298"
"109","1299"
"82","1300"
"110","1301"
"110","1302"
"110","1303"
"82","1304"
"82","1305"
"82","1306"
"82","1307"
"82","1308"
"83","1309"
"83","1310"
"110","1311"
"83","1312"
"110","1313"
"83","1314"
"83","1315"
"83","1316"
"83","1317"
"110","1318"
"83","1319"
"83","1320"
"83","1321"
"84","1322"
"84","1323"
"110","1324"
"110","1325"
"84","1326"
"110","1327"
"110","1328"
"84","1329"
"111","1330"
"111","1331"
"111","1332"
"84","1333"
"111","1334"
"84","1335"
"111","1336"
"111","1337"
"111","1338"
"85","1339"
"85","1340"
"85","1341"
"85","1342"
"85","1343"
"85","1344"
"85","1345"
"85","1346"
"86","1347"
"86","1348"
"86","1349"
"86","1350"
"86","1351"
"86","1352"
"86","1353"
"86","1354"
"87","1355"
"87","1356"
"87","1357"
"87","1358"
"87","1359"
"88","1360"
"88","1361"
"88","1362"
"88","1363"
"88","1364"
"88","1365"
"88","1366"
"88","1367"
"89","1368"
"89","1369"
"89","1370"
"89","1371"
"89","1372"
"89","1373"
"89","1374"
"89","1375"
"112","1376"
"112","1377"
"112","1378"
"112","1379"
"90","1380"
"90","1381"
"90","1382"
"90","1383"
"90","1384"
"90","1385"
"91","1386"
"91","1387"
"91","1388"
"91","1389"
"91","1390"
"91","1391"
"91","1392"
"92","1393"
"92","1394"
"92","1395"
"92","1396"
"92","1397"
"92","1398"
"92","1399"
"93","1400"
"93","1401"
"93","1402"
"93","1403"
"93","1404"
"93","1405"
"93","1406"
"93","1407"
"93","1408"
"93","1409"
"93","1410"
"93","1411"
"93","1412"
"93","1413"
"94","1414"
"94","1415"
"94","1416"
"94","1417"
"94","1418"
"94","1419"
"94","1420"
"94","1421"
"94","1422"
"94","1423"
"94","1424"
"95","1425"
"95","1426"
"95","1427"
"96","1428"
"96","1429"
"96","1430"
"96","1431"
"96","1432"
"96","1433"
"96","1434"
"97","1435"
"97","1436"
"97","1437"
"97","1438"
"97","1439"
"97","1440"
"97","1441"
"97","1442"
"97","1443"
"97","1444"
"98","1445"
"97","1446"
"98","1447"
"98","1448"
"98","1449"
"98","1450"
"99","1451"
"99","1452"
"99","1453"
"99","1454"
"99","1455"
"99","1456"
"99","1457"
"99","1458"
"130","1459"
"130","1460"
"130","1461"
"130","1462"
"130","1463"
"130","1464"
"131","1465"
"131","1466"
"131","1467"
"131","1468"
"131","1469"
"131","1470"
"132","1471"
"132","1472"
"132","1473"
"132","1474"
"132","1475"
"132","1476"
"132","1477"
"132","1478"
"133","1479"
"133","1480"
"133","1481"
"133","1482"
"133","1483"
"133","1484"
"134","1485"
"134","1486"
"134","1487"
"134","1488"
"134","1489"
"134","1490"
"134","1491"
"134","1492"
"134","1493"
"134","1494"
"135","1495"
"135","1496"
"135","1497"
"135","1498"
"135","1499"
"135","1500"
"135","1501"
"135","1502"
"135","1503"
"135","1504"
"136","1505"
"136","1506"
"136","1507"
"136","1508"
"136","1509"
"136","1510"
"136","1511"
"137","1512"
"137","1513"
"137","1514"
"137","1515"
"112","1516"
"112","1517"
"137","1518"
"138","1519"
"138","1520"
"112","1521"
"138","1522"
"114","1523"
"112","1524"
"113","1525"
"114","1526"
"113","1527"
"114","1528"
"114","1529"
"139","1530"
"139","1531"
"139","1532"
"113","1533"
"114","1534"
"114","1535"
"114","1536"
"139","1537"
"114","1538"
"113","1539"
"114","1540"
"114","1541"
"115","1542"
"115","1543"
"115","1544"
"115","1545"
"140","1546"
"115","1547"
"140","1548"
"140","1549"
"140","1550"
"140","1551"
"140","1552"
"140","1553"
"140","1554"
"141","1555"
"141","1556"
"141","1557"
"141","1558"
"141","1559"
"115","1560"
"115","1561"
"115","1562"
"115","1563"
"115","1564"
"115","1565"
"116","1566"
"116","1567"
"118","1568"
"118","1569"
"118","1570"
"118","1571"
"118","1572"
"118","1573"
"118","1574"
"118","1575"
"118","1576"
"119","1577"
"119","1578"
"119","1579"
"119","1580"
"116","1581"
"119","1582"
"116","1583"
"116","1584"
"116","1585"
"116","1586"
"116","1587"
"117","1588"
"117","1589"
"142","1590"
"142","1591"
"142","1592"
"142","1593"
"142","1594"
"142","1595"
"142","1596"
"142","1597"
"142","1598"
"143","1599"
"143","1600"
"117","1601"
"117","1602"
"117","1603"
"117","1604"
"119","1605"
"119","1606"
"119","1607"
"119","1608"
"119","1609"
"119","1610"
"119","1611"
"119","1612"
"143","1613"
"143","1614"
"143","1615"
"143","1616"
"120","1617"
"122","1618"
"120","1619"
"122","1620"
"122","1621"
"122","1622"
"122","1623"
"144","1624"
"144","1625"
"144","1626"
"120","1627"
"144","1628"
"122","1629"
"161","1630"
"120","1631"
"120","1632"
"161","1633"
"161","1634"
"122","1635"
"161","1636"
"161","1637"
"122","1638"
"161","1639"
"123","1640"
"161","1641"
"161","1642"
"120","1643"
"123","1644"
"161","1645"
"120","1646"
"161","1647"
"121","1648"
"123","1649"
"121","1650"
"123","1651"
"121","1652"
"162","1653"
"123","1654"
"121","1655"
"121","1656"
"121","1657"
"123","1658"
"162","1659"
"123","1660"
"123","1661"
"123","1662"
"121","1663"
"162","1664"
"123","1665"
"162","1666"
"124","1667"
"123","1668"
"162","1669"
"124","1670"
"123","1671"
"124","1672"
"124","1673"
"124","1674"
"124","1675"
"124","1676"
"124","1677"
"125","1678"
"125","1679"
"125","1680"
"125","1681"
"125","1682"
"125","1683"
"125","1684"
"125","1685"
"126","1686"
"126","1687"
"126","1688"
"126","1689"
"126","1690"
"126","1691"
"126","1692"
"127","1693"
"127","1694"
"127","1695"
"127","1696"
"127","1697"
"127","1698"
"127","1699"
"127","1700"
"127","1701"
"128","1702"
"128","1703"
"128","1704"
"128","1705"
"128","1706"
"128","1707"
"128","1708"
"128","1709"
"129","1710"
"129","1711"
"129","1712"
"129","1713"
"129","1714"
"129","1715"
"111","1716"
"0","1717"
"0","1718"
"24","1719"
"24","1720"
"26","1721"
"69","1722"
"72","1723"
"103","1724"
"100","1725"
"100","1726"
"100","1727"
"100","1728"
"100","1729"
"100","1730"
"19","1731"
"20","1732"
"20","1733"
"20","1734"
"20","1735"
"20","1736"
"21","1737"
"21","1738"
"21","1739"
"21","1740"
"21","1741"
"21","1742"
"22","1743"
"23","1744"
"23","1745"
"24","1746"
"24","1747"
"24","1748"
"25","1749"
"25","1750"
"25","1751"
"26","1752"
"28","1753"
"27","1754"
"27","1755"
"27","1756"
"27","1757"
"27","1758"
"26","1759"
"29","1760"
"29","1761"
"30","1762"
"30","1763"
"31","1764"
"31","1765"
"32","1766"
"32","1767"
"32","1768"
"32","1769"
"33","1770"
"33","1771"
"34","1772"
"34","1773"
"35","1774"
"35","1775"
"36","1776"
"36","1777"
"37","1778"
"38","1779"
"39","1780"
"40","1781"
"40","1782"
"40","1783"
"40","1784"
"40","1785"
"41","1786"
"41","1787"
"41","1788"
"42","1789"
"42","1790"
"43","1791"
"44","1792"
"44","1793"
"45","1794"
"46","1795"
"46","1796"
"46","1797"
"46","1798"
"46","1799"
"47","1800"
"47","1801"
"47","1802"
"48","1803"
"48","1804"
"48","1805"
"48","1806"
"49","1807"
"49","1808"
"49","1809"
"49","1810"
"49","1811"
"49","1812"
"50","1813"
"51","1814"
"51","1815"
"51","1816"
"51","1817"
"52","1818"
"52","1819"
"53","1820"
"53","1821"
"53","1822"
"53","1823"
"53","1824"
"54","1825"
"0","1826"
"54","1827"
"54","1828"
"55","1829"
"55","1830"
"55","1831"
"55","1832"
"56","1833"
"56","1834"
"56","1835"
"56","1836"
"57","1837"
"57","1838"
"57","1839"
"58","1840"
"59","1841"
"59","1842"
"59","1843"
"60","1844"
"60","1845"
"60","1846"
"60","1847"
"61","1848"
"61","1849"
"61","1850"
"62","1851"
"62","1852"
"62","1853"
"62","1854"
"62","1855"
"63","1856"
"63","1857"
"63","1858"
"63","1859"
"64","1860"
"64","1861"
"65","1862"
"65","1863"
"66","1864"
"66","1865"
"66","1866"
"66","1867"
"66","1868"
"66","1869"
"67","1870"
"67","1871"
"67","1872"
"67","1873"
"67","1874"
"67","1875"
"67","1876"
"68","1877"
"68","1878"
"69","1879"
"69","1880"
"69","1881"
"69","1882"
"101","1883"
"101","1884"
"101","1885"
"101","1886"
"101","1887"
"101","1888"
"70","1889"
"102","1890"
"71","1891"
"71","1892"
"71","1893"
"71","1894"
"71","1895"
"72","1896"
"72","1897"
"72","1898"
"72","1899"
"74","1900"
"74","1901"
"74","1902"
"74","1903"
"74","1904"
"74","1905"
"75","1906"
"75","1907"
"104","1908"
"104","1909"
"105","1910"
"105","1911"
"106","1912"
"106","1913"
"106","1914"
"106","1915"
"76","1916"
"76","1917"
"77","1918"
"77","1919"
"78","1920"
"107","1921"
"78","1922"
"78","1923"
"78","1924"
"79","1925"
"107","1926"
"107","1927"
"108","1928"
"79","1929"
"79","1930"
"79","1931"
"108","1932"
"108","1933"
"80","1934"
"80","1935"
"108","1936"
"108","1937"
"80","1938"
"81","1939"
"81","1940"
"81","1941"
"81","1942"
"109","1943"
"81","1944"
"81","1945"
"109","1946"
"109","1947"
"82","1948"
"82","1949"
"82","1950"
"110","1951"
"110","1952"
"110","1953"
"83","1954"
"83","1955"
"110","1956"
"83","1957"
"83","1958"
"110","1959"
"83","1960"
"83","1961"
"84","1962"
"84","1963"
"84","1964"
"111","1965"
"85","1966"
"85","1967"
"85","1968"
"86","1969"
"86","1970"
"86","1971"
"86","1972"
"86","1973"
"87","1974"
"87","1975"
"87","1976"
"87","1977"
"88","1978"
"88","1979"
"88","1980"
"88","1981"
"88","1982"
"89","1983"
"89","1984"
"89","1985"
"90","1986"
"90","1987"
"90","1988"
"90","1989"
"91","1990"
"91","1991"
"92","1992"
"92","1993"
"92","1994"
"93","1995"
"94","1996"
"94","1997"
"95","1998"
"95","1999"
"95","2000"
"95","2001"
"95","2002"
"96","2003"
"96","2004"
"96","2005"
"98","2006"
"97","2007"
"97","2008"
"98","2009"
"98","2010"
"98","2011"
"97","2012"
"99","2013"
"99","2014"
"130","2015"
"130","2016"
"130","2017"
"131","2018"
"131","2019"
"131","2020"
"131","2021"
"131","2022"
"132","2023"
"132","2024"
"132","2025"
"132","2026"
"133","2027"
"133","2028"
"133","2029"
"134","2030"
"134","2031"
"134","2032"
"135","2033"
"135","2034"
"136","2035"
"136","2036"
"136","2037"
"137","2038"
"137","2039"
"137","2040"
"112","2041"
"138","2042"
"112","2043"
"138","2044"
"138","2045"
"138","2046"
"138","2047"
"112","2048"
"138","2049"
"138","2050"
"139","2051"
"139","2052"
"139","2053"
"139","2054"
"139","2055"
"114","2056"
"113","2057"
"114","2058"
"115","2059"
"113","2060"
"115","2061"
"141","2062"
"141","2063"
"141","2064"
"141","2065"
"116","2066"
"118","2067"
"116","2068"
"116","2069"
"118","2070"
"118","2071"
"118","2072"
"119","2073"
"116","2074"
"117","2075"
"142","2076"
"142","2077"
"143","2078"
"117","2079"
"117","2080"
"119","2081"
"119","2082"
"143","2083"
"143","2084"
"143","2085"
"122","2086"
"144","2087"
"144","2088"
"144","2089"
"144","2090"
"144","2091"
"144","2092"
"144","2093"
"144","2094"
"161","2095"
"120","2096"
"161","2097"
"120","2098"
"161","2099"
"123","2100"
"123","2101"
"162","2102"
"121","2103"
"123","2104"
"121","2105"
"162","2106"
"121","2107"
"162","2108"
"121","2109"
"124","2110"
"124","2111"
"125","2112"
"125","2113"
"125","2114"
"126","2115"
"127","2116"
"127","2117"
"127","2118"
"128","2119"
"128","2120"
"128","2121"
"128","2122"
"129","2123"
"129","2124"
"58","2125"
"113","2126"
"121","2127"
"100","2128"
"100","2129"
"100","2130"
"100","2131"
"19","2132"
"20","2133"
"21","2134"
"22","2135"
"23","2136"
"23","2137"
"24","2138"
"24","2139"
"25","2140"
"25","2141"
"26","2142"
"26","2143"
"26","2144"
"28","2145"
"29","2146"
"31","2147"
"31","2148"
"32","2149"
"32","2150"
"32","2151"
"33","2152"
"0","2153"
"34","2154"
"34","2155"
"35","2156"
"37","2157"
"41","2158"
"41","2159"
"41","2160"
"41","2161"
"41","2162"
"42","2163"
"43","2164"
"44","2165"
"46","2166"
"46","2167"
"46","2168"
"47","2169"
"48","2170"
"49","2171"
"50","2172"
"54","2173"
"54","2174"
"55","2175"
"56","2176"
"56","2177"
"58","2178"
"59","2179"
"60","2180"
"60","2181"
"61","2182"
"61","2183"
"62","2184"
"62","2185"
"62","2186"
"63","2187"
"63","2188"
"63","2189"
"64","2190"
"66","2191"
"66","2192"
"101","2193"
"71","2194"
"102","2195"
"102","2196"
"72","2197"
"73","2198"
"105","2199"
"105","2200"
"106","2201"
"106","2202"
"77","2203"
"77","2204"
"77","2205"
"77","2206"
"77","2207"
"109","2208"
"109","2209"
"109","2210"
"81","2211"
"82","2212"
"82","2213"
"82","2214"
"82","2215"
"83","2216"
"84","2217"
"84","2218"
"111","2219"
"87","2220"
"87","2221"
"90","2222"
"92","2223"
"92","2224"
"92","2225"
"98","2226"
"97","2227"
"98","2228"
"98","2229"
"132","2230"
"132","2231"
"133","2232"
"133","2233"
"133","2234"
"133","2235"
"134","2236"
"135","2237"
"136","2238"
"112","2239"
"112","2240"
"139","2241"
"114","2242"
"114","2243"
"114","2244"
"140","2245"
"118","2246"
"116","2247"
"161","2248"
"121","2249"
"125","2250"
"125","2251"
"128","2252"
"129","2253"
"100","2254"
"100","2255"
"19","2256"
"19","2257"
"19","2258"
"20","2259"
"20","2260"
"21","2261"
"22","2262"
"24","2263"
"24","2264"
"24","2265"
"25","2266"
"25","2267"
"25","2268"
"26","2269"
"0","2270"
"27","2271"
"28","2272"
"28","2273"
"29","2274"
"29","2275"
"30","2276"
"30","2277"
"31","2278"
"32","2279"
"33","2280"
"34","2281"
"34","2282"
"35","2283"
"35","2284"
"36","2285"
"36","2286"
"36","2287"
"37","2288"
"37","2289"
"37","2290"
"38","2291"
"39","2292"
"39","2293"
"39","2294"
"40","2295"
"40","2296"
"42","2297"
"42","2298"
"42","2299"
"43","2300"
"43","2301"
"44","2302"
"44","2303"
"45","2304"
"46","2305"
"46","2306"
"46","2307"
"47","2308"
"47","2309"
"48","2310"
"48","2311"
"49","2312"
"50","2313"
"50","2314"
"50","2315"
"50","2316"
"51","2317"
"51","2318"
"52","2319"
"53","2320"
"53","2321"
"54","2322"
"54","2323"
"54","2324"
"55","2325"
"56","2326"
"56","2327"
"57","2328"
"57","2329"
"58","2330"
"60","2331"
"61","2332"
"62","2333"
"62","2334"
"62","2335"
"64","2336"
"65","2337"
"65","2338"
"65","2339"
"65","2340"
"65","2341"
"66","2342"
"67","2343"
"67","2344"
"68","2345"
"69","2346"
"101","2347"
"101","2348"
"101","2349"
"70","2350"
"70","2351"
"70","2352"
"70","2353"
"70","2354"
"70","2355"
"102","2356"
"102","2357"
"72","2358"
"72","2359"
"103","2360"
"103","2361"
"75","2362"
"75","2363"
"75","2364"
"104","2365"
"105","2366"
"105","2367"
"106","2368"
"106","2369"
"106","2370"
"106","2371"
"76","2372"
"76","2373"
"76","2374"
"77","2375"
"78","2376"
"107","2377"
"78","2378"
"78","2379"
"78","2380"
"79","2381"
"108","2382"
"79","2383"
"108","2384"
"80","2385"
"108","2386"
"81","2387"
"81","2388"
"81","2389"
"109","2390"
"110","2391"
"83","2392"
"83","2393"
"110","2394"
"111","2395"
"111","2396"
"85","2397"
"0","2398"
"85","2399"
"85","2400"
"86","2401"
"87","2402"
"88","2403"
"89","2404"
"89","2405"
"89","2406"
"111","2407"
"89","2408"
"111","2409"
"90","2410"
"90","2411"
"91","2412"
"91","2413"
"92","2414"
"92","2415"
"92","2416"
"93","2417"
"93","2418"
"94","2419"
"95","2420"
"95","2421"
"95","2422"
"97","2423"
"97","2424"
"98","2425"
"98","2426"
"98","2427"
"99","2428"
"99","2429"
"99","2430"
"99","2431"
"130","2432"
"131","2433"
"131","2434"
"131","2435"
"131","2436"
"131","2437"
"133","2438"
"134","2439"
"135","2440"
"135","2441"
"136","2442"
"137","2443"
"137","2444"
"137","2445"
"137","2446"
"138","2447"
"138","2448"
"114","2449"
"113","2450"
"139","2451"
"113","2452"
"114","2453"
"113","2454"
"116","2455"
"117","2456"
"142","2457"
"142","2458"
"142","2459"
"142","2460"
"142","2461"
"142","2462"
"143","2463"
"143","2464"
"117","2465"
"119","2466"
"122","2467"
"120","2468"
"122","2469"
"144","2470"
"0","2471"
"162","2472"
"162","2473"
"162","2474"
"123","2475"
"162","2476"
"123","2477"
"162","2478"
"121","2479"
"162","2480"
"121","2481"
"124","2482"
"124","2483"
"124","2484"
"124","2485"
"124","2486"
"124","2487"
"125","2488"
"126","2489"
"127","2490"
"127","2491"
"127","2492"
"127","2493"
"128","2494"
"128","2495"
"129","2496"
"129","2497"
"113","2498"
"139","2499"
"162","2500"
"162","2501"
"100","2502"
"19","2503"
"19","2504"
"20","2505"
"20","2506"
"20","2507"
"21","2508"
"21","2509"
"22","2510"
"23","2511"
"23","2512"
"23","2513"
"24","2514"
"24","2515"
"24","2516"
"24","2517"
"24","2518"
"25","2519"
"25","2520"
"26","2521"
"26","2522"
"27","2523"
"27","2524"
"28","2525"
"28","2526"
"28","2527"
"29","2528"
"29","2529"
"29","2530"
"29","2531"
"29","2532"
"31","2533"
"31","2534"
"31","2535"
"31","2536"
"31","2537"
"31","2538"
"32","2539"
"33","2540"
"33","2541"
"33","2542"
"34","2543"
"34","2544"
"35","2545"
"36","2546"
"36","2547"
"37","2548"
"38","2549"
"38","2550"
"38","2551"
"39","2552"
"39","2553"
"39","2554"
"39","2555"
"39","2556"
"40","2557"
"41","2558"
"41","2559"
"43","2560"
"43","2561"
"45","2562"
"45","2563"
"45","2564"
"45","2565"
"45","2566"
"46","2567"
"46","2568"
"47","2569"
"47","2570"
"47","2571"
"47","2572"
"48","2573"
"49","2574"
"49","2575"
"49","2576"
"49","2577"
"50","2578"
"50","2579"
"50","2580"
"51","2581"
"52","2582"
"52","2583"
"52","2584"
"52","2585"
"52","2586"
"53","2587"
"53","2588"
"53","2589"
"54","2590"
"55","2591"
"55","2592"
"55","2593"
"55","2594"
"56","2595"
"56","2596"
"57","2597"
"57","2598"
"57","2599"
"57","2600"
"57","2601"
"57","2602"
"57","2603"
"57","2604"
"57","2605"
"58","2606"
"58","2607"
"58","2608"
"59","2609"
"59","2610"
"60","2611"
"60","2612"
"62","2613"
"62","2614"
"62","2615"
"63","2616"
"63","2617"
"63","2618"
"63","2619"
"63","2620"
"64","2621"
"64","2622"
"64","2623"
"64","2624"
"64","2625"
"64","2626"
"66","2627"
"66","2628"
"67","2629"
"67","2630"
"67","2631"
"67","2632"
"68","2633"
"68","2634"
"68","2635"
"68","2636"
"68","2637"
"69","2638"
"69","2639"
"69","2640"
"69","2641"
"101","2642"
"101","2643"
"70","2644"
"70","2645"
"70","2646"
"70","2647"
"71","2648"
"71","2649"
"71","2650"
"71","2651"
"102","2652"
"71","2653"
"102","2654"
"102","2655"
"71","2656"
"102","2657"
"102","2658"
"72","2659"
"72","2660"
"72","2661"
"73","2662"
"73","2663"
"73","2664"
"73","2665"
"103","2666"
"103","2667"
"74","2668"
"74","2669"
"103","2670"
"103","2671"
"103","2672"
"75","2673"
"104","2674"
"104","2675"
"105","2676"
"105","2677"
"105","2678"
"105","2679"
"105","2680"
"105","2681"
"105","2682"
"76","2683"
"76","2684"
"77","2685"
"78","2686"
"78","2687"
"107","2688"
"107","2689"
"107","2690"
"79","2691"
"107","2692"
"79","2693"
"79","2694"
"108","2695"
"108","2696"
"108","2697"
"81","2698"
"109","2699"
"81","2700"
"109","2701"
"82","2702"
"82","2703"
"82","2704"
"82","2705"
"110","2706"
"83","2707"
"110","2708"
"110","2709"
"83","2710"
"84","2711"
"84","2712"
"84","2713"
"111","2714"
"85","2715"
"86","2716"
"86","2717"
"86","2718"
"86","2719"
"87","2720"
"87","2721"
"87","2722"
"87","2723"
"88","2724"
"88","2725"
"89","2726"
"89","2727"
"90","2728"
"90","2729"
"90","2730"
"91","2731"
"91","2732"
"94","2733"
"94","2734"
"95","2735"
"95","2736"
"95","2737"
"96","2738"
"96","2739"
"96","2740"
"96","2741"
"97","2742"
"97","2743"
"97","2744"
"96","2745"
"98","2746"
"98","2747"
"98","2748"
"98","2749"
"130","2750"
"130","2751"
"132","2752"
"132","2753"
"132","2754"
"132","2755"
"132","2756"
"133","2757"
"134","2758"
"134","2759"
"135","2760"
"135","2761"
"135","2762"
"136","2763"
"136","2764"
"137","2765"
"137","2766"
"137","2767"
"137","2768"
"138","2769"
"138","2770"
"138","2771"
"138","2772"
"114","2773"
"138","2774"
"114","2775"
"114","2776"
"139","2777"
"114","2778"
"139","2779"
"139","2780"
"114","2781"
"113","2782"
"113","2783"
"113","2784"
"115","2785"
"115","2786"
"140","2787"
"140","2788"
"140","2789"
"141","2790"
"141","2791"
"141","2792"
"141","2793"
"141","2794"
"116","2795"
"118","2796"
"118","2797"
"116","2798"
"142","2799"
"142","2800"
"142","2801"
"143","2802"
"117","2803"
"143","2804"
"120","2805"
"122","2806"
"144","2807"
"120","2808"
"120","2809"
"161","2810"
"122","2811"
"120","2812"
"0","2813"
"161","2814"
"123","2815"
"162","2816"
"162","2817"
"123","2818"
"123","2819"
"123","2820"
"123","2821"
"162","2822"
"162","2823"
"124","2824"
"124","2825"
"124","2826"
"125","2827"
"126","2828"
"126","2829"
"126","2830"
"126","2831"
"127","2832"
"127","2833"
"128","2834"
"128","2835"
"128","2836"
"128","2837"
"129","2838"
"129","2839"
"129","2840"
"129","2841"
"47","2842"
"64","2843"
"66","2844"
"118","2845"
"100","2846"
"100","2847"
"19","2848"
"20","2849"
"20","2850"
"21","2851"
"21","2852"
"21","2853"
"22","2854"
"23","2855"
"24","2856"
"24","2857"
"26","2858"
"26","2859"
"26","2860"
"26","2861"
"26","2862"
"27","2863"
"27","2864"
"28","2865"
"28","2866"
"29","2867"
"29","2868"
"30","2869"
"30","2870"
"31","2871"
"31","2872"
"33","2873"
"33","2874"
"33","2875"
"34","2876"
"34","2877"
"35","2878"
"36","2879"
"37","2880"
"38","2881"
"38","2882"
"38","2883"
"39","2884"
"39","2885"
"40","2886"
"40","2887"
"41","2888"
"41","2889"
"41","2890"
"41","2891"
"42","2892"
"42","2893"
"43","2894"
"43","2895"
"43","2896"
"44","2897"
"44","2898"
"45","2899"
"46","2900"
"46","2901"
"47","2902"
"47","2903"
"48","2904"
"48","2905"
"49","2906"
"49","2907"
"50","2908"
"50","2909"
"50","2910"
"51","2911"
"52","2912"
"53","2913"
"53","2914"
"54","2915"
"55","2916"
"55","2917"
"55","2918"
"56","2919"
"56","2920"
"57","2921"
"57","2922"
"58","2923"
"58","2924"
"59","2925"
"59","2926"
"60","2927"
"60","2928"
"61","2929"
"63","2930"
"63","2931"
"63","2932"
"64","2933"
"65","2934"
"65","2935"
"66","2936"
"66","2937"
"67","2938"
"68","2939"
"69","2940"
"101","2941"
"69","2942"
"101","2943"
"101","2944"
"70","2945"
"70","2946"
"70","2947"
"71","2948"
"71","2949"
"72","2950"
"73","2951"
"73","2952"
"73","2953"
"73","2954"
"73","2955"
"73","2956"
"73","2957"
"73","2958"
"74","2959"
"74","2960"
"74","2961"
"103","2962"
"74","2963"
"74","2964"
"74","2965"
"103","2966"
"103","2967"
"75","2968"
"75","2969"
"76","2970"
"79","2971"
"79","2972"
"108","2973"
"80","2974"
"80","2975"
"109","2976"
"81","2977"
"82","2978"
"110","2979"
"110","2980"
"110","2981"
"84","2982"
"84","2983"
"111","2984"
"86","2985"
"87","2986"
"87","2987"
"87","2988"
"87","2989"
"87","2990"
"88","2991"
"112","2992"
"90","2993"
"90","2994"
"90","2995"
"91","2996"
"91","2997"
"92","2998"
"92","2999"
"92","3000"
"94","3001"
"94","3002"
"94","3003"
"94","3004"
"95","3005"
"95","3006"
"95","3007"
"96","3008"
"96","3009"
"97","3010"
"99","3011"
"99","3012"
"99","3013"
"99","3014"
"129","3015"
"130","3016"
"130","3017"
"131","3018"
"131","3019"
"131","3020"
"132","3021"
"133","3022"
"134","3023"
"135","3024"
"135","3025"
"136","3026"
"137","3027"
"137","3028"
"112","3029"
"138","3030"
"138","3031"
"138","3032"
"139","3033"
"139","3034"
"139","3035"
"114","3036"
"114","3037"
"114","3038"
"113","3039"
"113","3040"
"140","3041"
"140","3042"
"115","3043"
"140","3044"
"141","3045"
"141","3046"
"115","3047"
"0","3048"
"117","3049"
"116","3050"
"0","3051"
"143","3052"
"143","3053"
"117","3054"
"119","3055"
"143","3056"
"143","3057"
"120","3058"
"120","3059"
"120","3060"
"122","3061"
"122","3062"
"122","3063"
"144","3064"
"144","3065"
"144","3066"
"120","3067"
"161","3068"
"122","3069"
"123","3070"
"121","3071"
"162","3072"
"125","3073"
"126","3074"
"126","3075"
"127","3076"
"127","3077"
"128","3078"
"128","3079"
"100","3080"
"100","3081"
"20","3082"
"20","3083"
"21","3084"
"21","3085"
"21","3086"
"22","3087"
"22","3088"
"23","3089"
"23","3090"
"24","3091"
"24","3092"
"24","3093"
"24","3094"
"24","3095"
"24","3096"
"25","3097"
"25","3098"
"28","3099"
"28","3100"
"28","3101"
"29","3102"
"30","3103"
"30","3104"
"31","3105"
"31","3106"
"31","3107"
"31","3108"
"32","3109"
"32","3110"
"32","3111"
"32","3112"
"32","3113"
"32","3114"
"32","3115"
"33","3116"
"33","3117"
"33","3118"
"34","3119"
"34","3120"
"34","3121"
"35","3122"
"35","3123"
"35","3124"
"35","3125"
"35","3126"
"36","3127"
"36","3128"
"36","3129"
"36","3130"
"37","3131"
"37","3132"
"37","3133"
"37","3134"
"38","3135"
"38","3136"
"39","3137"
"39","3138"
"39","3139"
"39","3140"
"39","3141"
"40","3142"
"40","3143"
"40","3144"
"40","3145"
"41","3146"
"41","3147"
"41","3148"
"41","3149"
"41","3150"
"41","3151"
"41","3152"
"42","3153"
"42","3154"
"42","3155"
"42","3156"
"43","3157"
"43","3158"
"43","3159"
"44","3160"
"44","3161"
"44","3162"
"44","3163"
"45","3164"
"45","3165"
"45","3166"
"45","3167"
"45","3168"
"46","3169"
"46","3170"
"47","3171"
"47","3172"
"47","3173"
"48","3174"
"49","3175"
"49","3176"
"49","3177"
"49","3178"
"49","3179"
"49","3180"
"50","3181"
"50","3182"
"50","3183"
"51","3184"
"51","3185"
"51","3186"
"52","3187"
"53","3188"
"53","3189"
"53","3190"
"53","3191"
"53","3192"
"53","3193"
"54","3194"
"54","3195"
"54","3196"
"55","3197"
"55","3198"
"55","3199"
"55","3200"
"55","3201"
"56","3202"
"56","3203"
"57","3204"
"57","3205"
"57","3206"
"58","3207"
"58","3208"
"58","3209"
"59","3210"
"59","3211"
"59","3212"
"59","3213"
"60","3214"
"60","3215"
"60","3216"
"61","3217"
"63","3218"
"64","3219"
"64","3220"
"65","3221"
"65","3222"
"66","3223"
"66","3224"
"66","3225"
"67","3226"
"68","3227"
"68","3228"
"69","3229"
"69","3230"
"69","3231"
"101","3232"
"70","3233"
"70","3234"
"71","3235"
"71","3236"
"71","3237"
"71","3238"
"71","3239"
"71","3240"
"71","3241"
"102","3242"
"72","3243"
"72","3244"
"72","3245"
"72","3246"
"73","3247"
"73","3248"
"73","3249"
"73","3250"
"74","3251"
"103","3252"
"74","3253"
"103","3254"
"74","3255"
"75","3256"
"75","3257"
"104","3258"
"105","3259"
"105","3260"
"106","3261"
"106","3262"
"106","3263"
"106","3264"
"106","3265"
"76","3266"
"76","3267"
"76","3268"
"76","3269"
"77","3270"
"77","3271"
"77","3272"
"77","3273"
"78","3274"
"78","3275"
"107","3276"
"79","3277"
"79","3278"
"79","3279"
"79","3280"
"79","3281"
"79","3282"
"108","3283"
"80","3284"
"108","3285"
"80","3286"
"80","3287"
"79","3288"
"109","3289"
"80","3290"
"109","3291"
"80","3292"
"80","3293"
"109","3294"
"109","3295"
"81","3296"
"81","3297"
"82","3298"
"110","3299"
"82","3300"
"82","3301"
"110","3302"
"110","3303"
"83","3304"
"110","3305"
"84","3306"
"84","3307"
"84","3308"
"84","3309"
"84","3310"
"111","3311"
"85","3312"
"111","3313"
"85","3314"
"85","3315"
"86","3316"
"86","3317"
"86","3318"
"86","3319"
"87","3320"
"87","3321"
"87","3322"
"88","3323"
"88","3324"
"88","3325"
"89","3326"
"111","3327"
"89","3328"
"89","3329"
"89","3330"
"89","3331"
"112","3332"
"112","3333"
"90","3334"
"90","3335"
"90","3336"
"90","3337"
"90","3338"
"92","3339"
"93","3340"
"93","3341"
"93","3342"
"94","3343"
"95","3344"
"95","3345"
"95","3346"
"95","3347"
"95","3348"
"95","3349"
"96","3350"
"96","3351"
"97","3352"
"98","3353"
"98","3354"
"98","3355"
"98","3356"
"98","3357"
"99","3358"
"99","3359"
"130","3360"
"130","3361"
"130","3362"
"130","3363"
"130","3364"
"130","3365"
"131","3366"
"131","3367"
"132","3368"
"132","3369"
"133","3370"
"133","3371"
"133","3372"
"133","3373"
"133","3374"
"133","3375"
"133","3376"
"133","3377"
"133","3378"
"134","3379"
"134","3380"
"134","3381"
"134","3382"
"134","3383"
"134","3384"
"134","3385"
"134","3386"
"135","3387"
"135","3388"
"135","3389"
"136","3390"
"137","3391"
"137","3392"
"137","3393"
"137","3394"
"137","3395"
"138","3396"
"138","3397"
"138","3398"
"138","3399"
"114","3400"
"114","3401"
"139","3402"
"139","3403"
"114","3404"
"113","3405"
"114","3406"
"113","3407"
"113","3408"
"113","3409"
"114","3410"
"140","3411"
"140","3412"
"140","3413"
"140","3414"
"115","3415"
"141","3416"
"141","3417"
"141","3418"
"117","3419"
"118","3420"
"116","3421"
"116","3422"
"142","3423"
"142","3424"
"142","3425"
"143","3426"
"117","3427"
"117","3428"
"117","3429"
"117","3430"
"118","3431"
"119","3432"
"119","3433"
"122","3434"
"122","3435"
"122","3436"
"122","3437"
"120","3438"
"120","3439"
"120","3440"
"123","3441"
"162","3442"
"121","3443"
"123","3444"
"121","3445"
"123","3446"
"162","3447"
"121","3448"
"162","3449"
"121","3450"
"124","3451"
"125","3452"
"125","3453"
"125","3454"
"125","3455"
"126","3456"
"126","3457"
"126","3458"
"126","3459"
"126","3460"
"127","3461"
"128","3462"
"128","3463"
"129","3464"
"129","3465"
"37","3466"
"127","3467"
"100","3468"
"100","3469"
"19","3470"
"22","3471"
"22","3472"
"24","3473"
"25","3474"
"26","3475"
"28","3476"
"29","3477"
"29","3478"
"29","3479"
"30","3480"
"30","3481"
"30","3482"
"33","3483"
"33","3484"
"33","3485"
"35","3486"
"35","3487"
"35","3488"
"36","3489"
"37","3490"
"38","3491"
"38","3492"
"40","3493"
"43","3494"
"44","3495"
"44","3496"
"48","3497"
"50","3498"
"51","3499"
"52","3500"
"52","3501"
"54","3502"
"58","3503"
"60","3504"
"61","3505"
"62","3506"
"63","3507"
"64","3508"
"64","3509"
"70","3510"
"101","3511"
"70","3512"
"73","3513"
"74","3514"
"75","3515"
"104","3516"
"106","3517"
"106","3518"
"76","3519"
"77","3520"
"108","3521"
"82","3522"
"110","3523"
"83","3524"
"83","3525"
"88","3526"
"111","3527"
"91","3528"
"94","3529"
"94","3530"
"96","3531"
"97","3532"
"97","3533"
"130","3534"
"134","3535"
"136","3536"
"137","3537"
"112","3538"
"141","3539"
"119","3540"
"120","3541"
"122","3542"
"161","3543"
"125","3544"
"127","3545"
"128","3546"
"100","3547"
"19","3548"
"20","3549"
"20","3550"
"20","3551"
"21","3552"
"22","3553"
"22","3554"
"22","3555"
"22","3556"
"23","3557"
"23","3558"
"24","3559"
"24","3560"
"24","3561"
"25","3562"
"25","3563"
"26","3564"
"26","3565"
"26","3566"
"28","3567"
"29","3568"
"29","3569"
"30","3570"
"31","3571"
"31","3572"
"31","3573"
"32","3574"
"32","3575"
"32","3576"
"32","3577"
"33","3578"
"34","3579"
"34","3580"
"35","3581"
"35","3582"
"37","3583"
"37","3584"
"37","3585"
"38","3586"
"38","3587"
"41","3588"
"41","3589"
"42","3590"
"43","3591"
"44","3592"
"44","3593"
"44","3594"
"44","3595"
"45","3596"
"45","3597"
"45","3598"
"45","3599"
"46","3600"
"46","3601"
"46","3602"
"46","3603"
"47","3604"
"47","3605"
"48","3606"
"48","3607"
"48","3608"
"48","3609"
"50","3610"
"50","3611"
"50","3612"
"50","3613"
"51","3614"
"51","3615"
"52","3616"
"52","3617"
"53","3618"
"54","3619"
"54","3620"
"54","3621"
"55","3622"
"55","3623"
"56","3624"
"56","3625"
"58","3626"
"58","3627"
"59","3628"
"59","3629"
"61","3630"
"61","3631"
"62","3632"
"63","3633"
"63","3634"
"63","3635"
"64","3636"
"64","3637"
"64","3638"
"66","3639"
"66","3640"
"67","3641"
"67","3642"
"67","3643"
"67","3644"
"67","3645"
"67","3646"
"67","3647"
"67","3648"
"67","3649"
"67","3650"
"68","3651"
"68","3652"
"68","3653"
"68","3654"
"69","3655"
"101","3656"
"70","3657"
"71","3658"
"71","3659"
"102","3660"
"102","3661"
"102","3662"
"72","3663"
"73","3664"
"74","3665"
"74","3666"
"74","3667"
"103","3668"
"103","3669"
"75","3670"
"75","3671"
"75","3672"
"75","3673"
"75","3674"
"75","3675"
"75","3676"
"104","3677"
"105","3678"
"105","3679"
"105","3680"
"105","3681"
"106","3682"
"106","3683"
"106","3684"
"77","3685"
"107","3686"
"78","3687"
"107","3688"
"78","3689"
"78","3690"
"78","3691"
"78","3692"
"79","3693"
"79","3694"
"79","3695"
"108","3696"
"79","3697"
"79","3698"
"79","3699"
"108","3700"
"80","3701"
"108","3702"
"109","3703"
"83","3704"
"83","3705"
"111","3706"
"84","3707"
"111","3708"
"111","3709"
"84","3710"
"84","3711"
"84","3712"
"111","3713"
"85","3714"
"86","3715"
"87","3716"
"87","3717"
"88","3718"
"89","3719"
"0","3720"
"89","3721"
"89","3722"
"112","3723"
"90","3724"
"90","3725"
"91","3726"
"92","3727"
"92","3728"
"93","3729"
"93","3730"
"94","3731"
"95","3732"
"96","3733"
"97","3734"
"98","3735"
"99","3736"
"99","3737"
"130","3738"
"130","3739"
"131","3740"
"133","3741"
"133","3742"
"133","3743"
"133","3744"
"134","3745"
"134","3746"
"134","3747"
"134","3748"
"134","3749"
"136","3750"
"136","3751"
"137","3752"
"114","3753"
"139","3754"
"139","3755"
"139","3756"
"139","3757"
"140","3758"
"113","3759"
"114","3760"
"113","3761"
"115","3762"
"140","3763"
"140","3764"
"140","3765"
"140","3766"
"141","3767"
"118","3768"
"116","3769"
"116","3770"
"118","3771"
"116","3772"
"117","3773"
"142","3774"
"142","3775"
"142","3776"
"117","3777"
"117","3778"
"119","3779"
"143","3780"
"143","3781"
"122","3782"
"122","3783"
"144","3784"
"144","3785"
"120","3786"
"161","3787"
"120","3788"
"161","3789"
"161","3790"
"161","3791"
"123","3792"
"162","3793"
"121","3794"
"121","3795"
"124","3796"
"124","3797"
"124","3798"
"125","3799"
"125","3800"
"126","3801"
"126","3802"
"126","3803"
"127","3804"
"128","3805"
"128","3806"
"128","3807"
"129","3808"
"0","3809"
"0","3810"
"0","3811"
"105","3812"
"84","3813"
"0","3814"
"29","3815"
"100","3816"
"100","3817"
"100","3818"
"100","3819"
"19","3820"
"19","3821"
"19","3822"
"19","3823"
"20","3824"
"21","3825"
"21","3826"
"23","3827"
"24","3828"
"24","3829"
"26","3830"
"28","3831"
"29","3832"
"29","3833"
"30","3834"
"30","3835"
"30","3836"
"31","3837"
"33","3838"
"33","3839"
"34","3840"
"35","3841"
"36","3842"
"0","3843"
"38","3844"
"38","3845"
"38","3846"
"39","3847"
"40","3848"
"40","3849"
"41","3850"
"41","3851"
"41","3852"
"42","3853"
"42","3854"
"43","3855"
"44","3856"
"45","3857"
"46","3858"
"48","3859"
"48","3860"
"49","3861"
"49","3862"
"49","3863"
"50","3864"
"51","3865"
"51","3866"
"52","3867"
"52","3868"
"52","3869"
"52","3870"
"52","3871"
"53","3872"
"54","3873"
"54","3874"
"55","3875"
"55","3876"
"55","3877"
"55","3878"
"56","3879"
"56","3880"
"56","3881"
"57","3882"
"57","3883"
"57","3884"
"58","3885"
"58","3886"
"58","3887"
"60","3888"
"60","3889"
"61","3890"
"62","3891"
"62","3892"
"63","3893"
"63","3894"
"66","3895"
"66","3896"
"68","3897"
"68","3898"
"100","3899"
"101","3900"
"69","3901"
"101","3902"
"70","3903"
"101","3904"
"70","3905"
"70","3906"
"102","3907"
"102","3908"
"71","3909"
"102","3910"
"102","3911"
"71","3912"
"102","3913"
"72","3914"
"102","3915"
"72","3916"
"103","3917"
"75","3918"
"103","3919"
"103","3920"
"75","3921"
"104","3922"
"104","3923"
"104","3924"
"104","3925"
"106","3926"
"76","3927"
"76","3928"
"76","3929"
"77","3930"
"107","3931"
"78","3932"
"79","3933"
"108","3934"
"79","3935"
"109","3936"
"81","3937"
"81","3938"
"109","3939"
"82","3940"
"110","3941"
"83","3942"
"110","3943"
"83","3944"
"84","3945"
"85","3946"
"86","3947"
"86","3948"
"86","3949"
"86","3950"
"87","3951"
"111","3952"
"89","3953"
"90","3954"
"91","3955"
"92","3956"
"93","3957"
"94","3958"
"94","3959"
"95","3960"
"98","3961"
"130","3962"
"130","3963"
"131","3964"
"131","3965"
"134","3966"
"135","3967"
"135","3968"
"135","3969"
"135","3970"
"136","3971"
"136","3972"
"137","3973"
"137","3974"
"137","3975"
"112","3976"
"138","3977"
"112","3978"
"139","3979"
"139","3980"
"114","3981"
"115","3982"
"140","3983"
"140","3984"
"141","3985"
"141","3986"
"115","3987"
"118","3988"
"119","3989"
"116","3990"
"142","3991"
"117","3992"
"117","3993"
"119","3994"
"119","3995"
"143","3996"
"143","3997"
"144","3998"
"144","3999"
"161","4000"
"122","4001"
"122","4002"
"120","4003"
"121","4004"
"121","4005"
"162","4006"
"121","4007"
"162","4008"
"162","4009"
"121","4010"
"124","4011"
"125","4012"
"126","4013"
"126","4014"
"126","4015"
"127","4016"
"128","4017"
"128","4018"
"128","4019"
"129","4020"
"129","4021"
"129","4022"
"34","4023"
"66","4024"
"20","4025"
"20","4026"
"20","4027"
"19","4028"
"21","4029"
"22","4030"
"23","4031"
"23","4032"
"24","4033"
"24","4034"
"26","4035"
"25","4036"
"28","4037"
"28","4038"
"28","4039"
"29","4040"
"30","4041"
"32","4042"
"32","4043"
"35","4044"
"35","4045"
"36","4046"
"36","4047"
"36","4048"
"37","4049"
"37","4050"
"39","4051"
"40","4052"
"40","4053"
"40","4054"
"40","4055"
"40","4056"
"43","4057"
"45","4058"
"46","4059"
"47","4060"
"47","4061"
"49","4062"
"50","4063"
"50","4064"
"51","4065"
"52","4066"
"52","4067"
"53","4068"
"53","4069"
"55","4070"
"55","4071"
"56","4072"
"57","4073"
"59","4074"
"60","4075"
"61","4076"
"61","4077"
"62","4078"
"64","4079"
"64","4080"
"65","4081"
"65","4082"
"66","4083"
"67","4084"
"68","4085"
"69","4086"
"70","4087"
"72","4088"
"73","4089"
"73","4090"
"74","4091"
"103","4092"
"104","4093"
"104","4094"
"104","4095"
"106","4096"
"106","4097"
"106","4098"
"76","4099"
"107","4100"
"107","4101"
"79","4102"
"80","4103"
"80","4104"
"81","4105"
"81","4106"
"82","4107"
"82","4108"
"110","4109"
"82","4110"
"83","4111"
"110","4112"
"84","4113"
"84","4114"
"84","4115"
"84","4116"
"85","4117"
"85","4118"
"85","4119"
"87","4120"
"88","4121"
"89","4122"
"91","4123"
"92","4124"
"93","4125"
"94","4126"
"95","4127"
"95","4128"
"95","4129"
"96","4130"
"97","4131"
"97","4132"
"97","4133"
"97","4134"
"97","4135"
"98","4136"
"99","4137"
"130","4138"
"132","4139"
"132","4140"
"135","4141"
"137","4142"
"137","4143"
"112","4144"
"138","4145"
"138","4146"
"113","4147"
"139","4148"
"139","4149"
"113","4150"
"140","4151"
"114","4152"
"140","4153"
"140","4154"
"140","4155"
"141","4156"
"141","4157"
"115","4158"
"115","4159"
"115","4160"
"119","4161"
"142","4162"
"142","4163"
"143","4164"
"117","4165"
"119","4166"
"143","4167"
"143","4168"
"144","4169"
"144","4170"
"122","4171"
"161","4172"
"161","4173"
"161","4174"
"123","4175"
"162","4176"
"162","4177"
"162","4178"
"121","4179"
"124","4180"
"124","4181"
"124","4182"
"124","4183"
"125","4184"
"126","4185"
"126","4186"
"126","4187"
"129","4188"
"129","4189"
"95","4190"
"24","4191"
"32","4192"
"33","4193"
"34","4194"
"35","4195"
"35","4196"
"39","4197"
"40","4198"
"43","4199"
"46","4200"
"47","4201"
"48","4202"
"49","4203"
"53","4204"
"55","4205"
"65","4206"
"68","4207"
"72","4208"
"72","4209"
"104","4210"
"77","4211"
"77","4212"
"78","4213"
"78","4214"
"79","4215"
"108","4216"
"108","4217"
"109","4218"
"82","4219"
"85","4220"
"88","4221"
"92","4222"
"92","4223"
"92","4224"
"93","4225"
"93","4226"
"94","4227"
"94","4228"
"95","4229"
"96","4230"
"98","4231"
"99","4232"
"132","4233"
"134","4234"
"138","4235"
"113","4236"
"141","4237"
"116","4238"
"117","4239"
"143","4240"
"128","4241"
"107","4242"
"29","4243"
"34","4244"
"48","4245"
"61","4246"
"61","4247"
"102","4248"
"84","4249"
"94","4250"
"132","4251"
"119","4252"
"117","4253"
"144","4254"
"129","4255"
"46","4256"
"77","4257"
"88","4258"
"111","4259"
"89","4260"
"89","4261"
"20","4262"
"30","4263"
"33","4264"
"38","4265"
"39","4266"
"42","4267"
"42","4268"
"42","4269"
"44","4270"
"45","4271"
"46","4272"
"54","4273"
"54","4274"
"57","4275"
"59","4276"
"59","4277"
"74","4278"
"77","4279"
"78","4280"
"84","4281"
"85","4282"
"111","4283"
"93","4284"
"94","4285"
"99","4286"
"130","4287"
"112","4288"
"141","4289"
"118","4290"
"124","4291"
"125","4292"
"126","4293"
"129","4294"
"34","4295"
"19","4296"
"20","4297"
"20","4298"
"21","4299"
"22","4300"
"22","4301"
"23","4302"
"25","4303"
"0","4304"
"26","4305"
"27","4306"
"27","4307"
"27","4308"
"27","4309"
"27","4310"
"30","4311"
"33","4312"
"33","4313"
"34","4314"
"34","4315"
"34","4316"
"39","4317"
"41","4318"
"41","4319"
"42","4320"
"42","4321"
"43","4322"
"45","4323"
"45","4324"
"46","4325"
"48","4326"
"50","4327"
"51","4328"
"56","4329"
"59","4330"
"60","4331"
"60","4332"
"60","4333"
"61","4334"
"63","4335"
"64","4336"
"66","4337"
"69","4338"
"70","4339"
"73","4340"
"0","4341"
"75","4342"
"105","4343"
"76","4344"
"78","4345"
"79","4346"
"79","4347"
"80","4348"
"109","4349"
"109","4350"
"110","4351"
"84","4352"
"87","4353"
"87","4354"
"88","4355"
"89","4356"
"91","4357"
"95","4358"
"96","4359"
"99","4360"
"131","4361"
"136","4362"
"114","4363"
"113","4364"
"115","4365"
"115","4366"
"118","4367"
"118","4368"
"118","4369"
"117","4370"
"120","4371"
"120","4372"
"162","4373"
"125","4374"
"125","4375"
"128","4376"
"68","4377"
"96","4378"
"27","4379"
"57","4380"
"59","4381"
"66","4382"
"95","4383"
"98","4384"
"98","4385"
"130","4386"
"140","4387"
"127","4388"
"19","4389"
"19","4390"
"20","4391"
"21","4392"
"22","4393"
"23","4394"
"26","4395"
"27","4396"
"28","4397"
"35","4398"
"36","4399"
"38","4400"
"39","4401"
"40","4402"
"42","4403"
"43","4404"
"46","4405"
"50","4406"
"50","4407"
"51","4408"
"51","4409"
"0","4410"
"55","4411"
"55","4412"
"56","4413"
"57","4414"
"58","4415"
"58","4416"
"62","4417"
"62","4418"
"62","4419"
"62","4420"
"64","4421"
"67","4422"
"67","4423"
"69","4424"
"101","4425"
"102","4426"
"102","4427"
"71","4428"
"73","4429"
"74","4430"
"74","4431"
"74","4432"
"75","4433"
"103","4434"
"75","4435"
"107","4436"
"78","4437"
"108","4438"
"108","4439"
"108","4440"
"80","4441"
"109","4442"
"81","4443"
"81","4444"
"87","4445"
"87","4446"
"90","4447"
"90","4448"
"91","4449"
"92","4450"
"93","4451"
"98","4452"
"99","4453"
"131","4454"
"131","4455"
"132","4456"
"132","4457"
"132","4458"
"132","4459"
"133","4460"
"112","4461"
"139","4462"
"139","4463"
"115","4464"
"115","4465"
"116","4466"
"119","4467"
"119","4468"
"142","4469"
"142","4470"
"119","4471"
"143","4472"
"120","4473"
"122","4474"
"121","4475"
"123","4476"
"124","4477"
"128","4478"
"78","4479"
"88","4480"
"107","4481"
"100","4482"
"45","4483"
"76","4484"
"90","4485"
"137","4486"
"129","4487"
"21","4488"
"24","4489"
"26","4490"
"34","4491"
"42","4492"
"60","4493"
"64","4494"
"65","4495"
"67","4496"
"67","4497"
"0","4498"
"108","4499"
"84","4500"
"87","4501"
"93","4502"
"114","4503"
"118","4504"
"119","4505"
"34","4506"
"20","4507"
"20","4508"
"21","4509"
"28","4510"
"30","4511"
"31","4512"
"36","4513"
"36","4514"
"38","4515"
"39","4516"
"44","4517"
"44","4518"
"44","4519"
"46","4520"
"48","4521"
"50","4522"
"55","4523"
"62","4524"
"67","4525"
"103","4526"
"104","4527"
"106","4528"
"77","4529"
"78","4530"
"78","4531"
"78","4532"
"81","4533"
"84","4534"
"85","4535"
"0","4536"
"92","4537"
"93","4538"
"95","4539"
"96","4540"
"131","4541"
"138","4542"
"139","4543"
"114","4544"
"117","4545"
"144","4546"
"120","4547"
"121","4548"
"100","4549"
"25","4550"
"25","4551"
"27","4552"
"28","4553"
"29","4554"
"30","4555"
"30","4556"
"30","4557"
"34","4558"
"36","4559"
"40","4560"
"44","4561"
"46","4562"
"47","4563"
"47","4564"
"47","4565"
"55","4566"
"59","4567"
"68","4568"
"102","4569"
"105","4570"
"77","4571"
"107","4572"
"0","4573"
"108","4574"
"80","4575"
"81","4576"
"111","4577"
"85","4578"
"89","4579"
"91","4580"
"92","4581"
"93","4582"
"130","4583"
"136","4584"
"136","4585"
"139","4586"
"113","4587"
"140","4588"
"141","4589"
"141","4590"
"116","4591"
"116","4592"
"116","4593"
"143","4594"
"143","4595"
"117","4596"
"119","4597"
"119","4598"
"122","4599"
"144","4600"
"124","4601"
"129","4602"
"100","4603"
"100","4604"
"29","4605"
"32","4606"
"76","4607"
"111","4608"
"91","4609"
"122","4610"
"22","4611"
"26","4612"
"28","4613"
"31","4614"
"33","4615"
"41","4616"
"52","4617"
"58","4618"
"64","4619"
"65","4620"
"76","4621"
"108","4622"
"92","4623"
"94","4624"
"138","4625"
"141","4626"
"142","4627"
"125","4628"
"127","4629"
"121","4630"
"100","4631"
"58","4632"
"92","4633"
"20","4634"
"20","4635"
"21","4636"
"25","4637"
"25","4638"
"26","4639"
"28","4640"
"30","4641"
"33","4642"
"38","4643"
"38","4644"
"38","4645"
"42","4646"
"42","4647"
"43","4648"
"50","4649"
"52","4650"
"53","4651"
"54","4652"
"56","4653"
"56","4654"
"56","4655"
"58","4656"
"63","4657"
"68","4658"
"68","4659"
"68","4660"
"69","4661"
"70","4662"
"71","4663"
"74","4664"
"103","4665"
"104","4666"
"105","4667"
"105","4668"
"105","4669"
"76","4670"
"78","4671"
"79","4672"
"108","4673"
"81","4674"
"109","4675"
"82","4676"
"83","4677"
"83","4678"
"85","4679"
"87","4680"
"87","4681"
"88","4682"
"88","4683"
"88","4684"
"88","4685"
"112","4686"
"91","4687"
"93","4688"
"94","4689"
"131","4690"
"135","4691"
"136","4692"
"136","4693"
"113","4694"
"115","4695"
"141","4696"
"115","4697"
"116","4698"
"116","4699"
"117","4700"
"119","4701"
"161","4702"
"124","4703"
"125","4704"
"127","4705"
"127","4706"
"127","4707"
"129","4708"
"22","4709"
"26","4710"
"27","4711"
"32","4712"
"48","4713"
"69","4714"
"69","4715"
"101","4716"
"72","4717"
"72","4718"
"73","4719"
"73","4720"
"73","4721"
"106","4722"
"109","4723"
"89","4724"
"130","4725"
"132","4726"
"141","4727"
"118","4728"
"23","4729"
"27","4730"
"32","4731"
"35","4732"
"38","4733"
"50","4734"
"56","4735"
"67","4736"
"78","4737"
"78","4738"
"107","4739"
"85","4740"
"86","4741"
"88","4742"
"91","4743"
"97","4744"
"99","4745"
"130","4746"
"132","4747"
"136","4748"
"138","4749"
"138","4750"
"139","4751"
"141","4752"
"115","4753"
"0","4754"
"120","4755"
"144","4756"
"144","4757"
"124","4758"
"126","4759"
"128","4760"
"29","4761"
"60","4762"
"64","4763"
"69","4764"
"70","4765"
"85","4766"
"99","4767"
"131","4768"
"136","4769"
"113","4770"
"113","4771"
"161","4772"
